uid,eventType,datetime,home_stay
u25,HomeMobility,2013-03-27 13:08:17,False
u25,HomeMobility,2013-03-27 13:28:24,False
u25,HomeMobility,2013-03-27 13:48:24,False
u25,HomeMobility,2013-03-27 16:08:27,False
u25,HomeMobility,2013-03-27 16:28:25,False
u25,HomeMobility,2013-03-27 16:48:24,False
u25,HomeMobility,2013-03-27 17:08:24,False
u25,HomeMobility,2013-03-27 17:28:25,False
u25,HomeMobility,2013-03-27 17:48:24,False
u25,HomeMobility,2013-03-27 18:08:24,False
u25,HomeMobility,2013-03-27 18:08:25,False
u25,HomeMobility,2013-03-27 18:48:24,True
u25,HomeMobility,2013-03-27 19:08:24,True
u25,HomeMobility,2013-03-27 19:28:24,True
u25,HomeMobility,2013-03-27 19:28:25,True
u25,HomeMobility,2013-03-27 20:28:24,True
u25,HomeMobility,2013-03-27 20:48:24,True
u25,HomeMobility,2013-03-27 21:08:24,True
u25,HomeMobility,2013-03-27 21:28:24,True
u25,HomeMobility,2013-03-27 21:48:24,True
u25,HomeMobility,2013-03-27 22:08:24,True
u25,HomeMobility,2013-03-28 08:37:25,True
u25,HomeMobility,2013-03-28 08:57:26,False
u25,HomeMobility,2013-03-28 09:17:25,False
u25,HomeMobility,2013-03-28 09:37:25,False
u25,HomeMobility,2013-03-28 09:57:25,False
u25,HomeMobility,2013-03-28 10:17:25,False
u25,HomeMobility,2013-03-28 10:37:25,False
u25,HomeMobility,2013-03-28 10:57:29,False
u25,HomeMobility,2013-03-28 11:17:25,False
u25,HomeMobility,2013-03-28 11:37:25,False
u25,HomeMobility,2013-03-28 11:57:26,False
u25,HomeMobility,2013-03-28 12:17:25,False
u25,HomeMobility,2013-03-28 12:37:25,False
u25,HomeMobility,2013-03-28 13:17:25,False
u25,HomeMobility,2013-03-28 13:37:26,False
u25,HomeMobility,2013-03-28 13:57:25,False
u25,HomeMobility,2013-03-28 14:17:26,False
u25,HomeMobility,2013-03-28 14:37:25,False
u25,HomeMobility,2013-03-28 14:57:25,False
u25,HomeMobility,2013-03-28 15:57:26,False
u25,HomeMobility,2013-03-28 16:17:25,False
u25,HomeMobility,2013-03-28 16:37:25,False
u25,HomeMobility,2013-03-28 16:57:25,False
u25,HomeMobility,2013-03-28 17:17:25,False
u25,HomeMobility,2013-03-28 17:37:25,False
u25,HomeMobility,2013-03-28 17:57:25,False
u25,HomeMobility,2013-03-28 18:17:25,False
u25,HomeMobility,2013-03-28 18:37:25,False
u25,HomeMobility,2013-03-28 18:57:25,False
u25,HomeMobility,2013-03-28 19:17:25,False
u25,HomeMobility,2013-03-28 19:37:26,False
u25,HomeMobility,2013-03-28 19:57:25,False
u25,HomeMobility,2013-03-28 20:17:25,False
u25,HomeMobility,2013-03-28 20:37:25,False
u25,HomeMobility,2013-03-28 20:57:26,False
u25,HomeMobility,2013-03-28 21:17:26,False
u25,HomeMobility,2013-03-28 21:37:25,False
u25,HomeMobility,2013-03-28 21:57:25,False
u25,HomeMobility,2013-03-28 22:17:25,False
u25,HomeMobility,2013-03-28 22:37:25,False
u25,HomeMobility,2013-03-29 09:56:40,False
u25,HomeMobility,2013-03-29 10:16:46,False
u25,HomeMobility,2013-03-29 10:36:45,False
u25,HomeMobility,2013-03-29 10:56:45,False
u25,HomeMobility,2013-03-29 11:16:45,False
u25,HomeMobility,2013-03-29 11:36:45,False
u25,HomeMobility,2013-03-29 11:56:46,False
u25,HomeMobility,2013-03-29 12:36:47,False
u25,HomeMobility,2013-03-29 12:56:45,False
u25,HomeMobility,2013-03-29 13:16:45,False
u25,HomeMobility,2013-03-29 13:36:45,False
u25,HomeMobility,2013-03-29 13:56:45,False
u25,HomeMobility,2013-03-29 14:16:47,False
u25,HomeMobility,2013-03-29 14:16:48,False
u25,HomeMobility,2013-03-29 14:56:45,False
u25,HomeMobility,2013-03-29 15:36:45,False
u25,HomeMobility,2013-03-29 15:56:45,False
u25,HomeMobility,2013-03-29 16:14:06,False
u25,HomeMobility,2013-03-29 16:36:45,False
u25,HomeMobility,2013-03-29 16:56:45,False
u25,HomeMobility,2013-03-29 17:16:45,False
u25,HomeMobility,2013-03-29 17:36:45,False
u25,HomeMobility,2013-03-29 17:56:45,False
u25,HomeMobility,2013-03-29 18:16:45,False
u25,HomeMobility,2013-03-29 18:36:45,False
u25,HomeMobility,2013-03-29 18:56:46,False
u25,HomeMobility,2013-03-29 19:16:45,False
u25,HomeMobility,2013-03-29 19:36:45,False
u25,HomeMobility,2013-03-29 19:56:45,False
u25,HomeMobility,2013-03-29 20:16:45,False
u25,HomeMobility,2013-03-29 20:36:45,False
u25,HomeMobility,2013-03-29 20:56:45,False
u25,HomeMobility,2013-03-29 21:16:45,False
u25,HomeMobility,2013-03-29 21:36:45,False
u25,HomeMobility,2013-03-29 21:56:45,False
u25,HomeMobility,2013-03-29 22:16:45,False
u25,HomeMobility,2013-03-29 22:36:45,False
u25,HomeMobility,2013-03-29 22:56:45,False
u25,HomeMobility,2013-03-29 23:16:45,False
u25,HomeMobility,2013-03-29 23:36:45,False
u25,HomeMobility,2013-03-29 23:56:45,False
u25,HomeMobility,2013-03-30 00:16:45,False
u25,HomeMobility,2013-03-30 00:36:45,False
u25,HomeMobility,2013-03-30 00:56:45,False
u25,HomeMobility,2013-03-30 01:16:45,False
u25,HomeMobility,2013-03-30 01:36:45,False
u25,HomeMobility,2013-03-30 01:56:45,False
u25,HomeMobility,2013-03-30 02:16:45,False
u25,HomeMobility,2013-03-30 02:36:45,False
u25,HomeMobility,2013-03-30 02:56:45,False
u25,HomeMobility,2013-03-30 03:16:45,False
u25,HomeMobility,2013-03-30 03:36:45,False
u25,HomeMobility,2013-03-30 03:56:45,False
u25,HomeMobility,2013-03-30 04:16:45,False
u25,HomeMobility,2013-03-30 04:36:45,False
u25,HomeMobility,2013-03-30 04:56:45,False
u25,HomeMobility,2013-03-30 05:16:45,False
u25,HomeMobility,2013-03-30 05:36:45,False
u25,HomeMobility,2013-03-30 05:56:45,False
u25,HomeMobility,2013-03-30 06:16:45,False
u25,HomeMobility,2013-03-30 06:36:45,False
u25,HomeMobility,2013-03-30 06:56:45,False
u25,HomeMobility,2013-03-30 07:16:45,False
u25,HomeMobility,2013-03-30 07:36:45,False
u25,HomeMobility,2013-03-30 07:56:45,False
u25,HomeMobility,2013-03-30 08:16:45,False
u25,HomeMobility,2013-03-30 08:36:45,False
u25,HomeMobility,2013-03-30 08:56:45,False
u25,HomeMobility,2013-03-30 09:16:45,False
u25,HomeMobility,2013-03-30 09:36:45,False
u25,HomeMobility,2013-03-30 09:56:45,False
u25,HomeMobility,2013-03-30 10:16:45,False
u25,HomeMobility,2013-03-30 10:36:45,False
u25,HomeMobility,2013-03-30 10:56:45,False
u25,HomeMobility,2013-03-30 11:16:45,False
u25,HomeMobility,2013-03-30 11:36:45,False
u25,HomeMobility,2013-03-30 11:56:45,False
u25,HomeMobility,2013-03-30 12:16:45,False
u25,HomeMobility,2013-03-30 12:36:45,False
u25,HomeMobility,2013-03-30 12:56:45,False
u25,HomeMobility,2013-03-30 13:16:45,False
u25,HomeMobility,2013-03-30 13:36:45,False
u25,HomeMobility,2013-03-30 13:56:45,False
u25,HomeMobility,2013-03-30 14:16:45,False
u25,HomeMobility,2013-03-30 14:36:45,False
u25,HomeMobility,2013-03-30 14:56:46,False
u25,HomeMobility,2013-03-30 15:16:45,False
u25,HomeMobility,2013-03-30 15:36:45,False
u25,HomeMobility,2013-03-30 15:56:45,False
u25,HomeMobility,2013-03-30 16:16:45,False
u25,HomeMobility,2013-03-30 16:36:45,False
u25,HomeMobility,2013-03-30 16:56:46,True
u25,HomeMobility,2013-03-30 16:58:41,False
u25,HomeMobility,2013-03-30 20:36:46,False
u25,HomeMobility,2013-03-31 08:36:40,False
u25,HomeMobility,2013-03-31 09:10:26,False
u25,HomeMobility,2013-03-31 20:56:47,False
u25,HomeMobility,2013-03-31 20:58:14,False
u25,HomeMobility,2013-03-31 21:27:15,False
u25,HomeMobility,2013-03-31 21:56:45,False
u25,HomeMobility,2013-03-31 22:16:45,False
u25,HomeMobility,2013-03-31 22:36:45,True
u25,HomeMobility,2013-03-31 22:56:45,True
u25,HomeMobility,2013-03-31 23:16:45,True
u25,HomeMobility,2013-03-31 23:36:45,True
u25,HomeMobility,2013-03-31 23:56:45,True
u25,HomeMobility,2013-04-01 00:16:45,True
u25,HomeMobility,2013-04-01 00:36:45,True
u25,HomeMobility,2013-04-01 00:56:45,True
u25,HomeMobility,2013-04-01 01:16:45,True
u25,HomeMobility,2013-04-01 01:36:45,True
u25,HomeMobility,2013-04-01 01:56:45,True
u25,HomeMobility,2013-04-01 02:16:45,True
u25,HomeMobility,2013-04-01 02:36:45,True
u25,HomeMobility,2013-04-01 02:56:45,True
u25,HomeMobility,2013-04-01 03:16:45,True
u25,HomeMobility,2013-04-01 03:36:45,True
u25,HomeMobility,2013-04-01 03:56:45,True
u25,HomeMobility,2013-04-01 04:16:45,True
u25,HomeMobility,2013-04-01 04:36:45,True
u25,HomeMobility,2013-04-01 04:56:45,True
u25,HomeMobility,2013-04-01 05:16:45,True
u25,HomeMobility,2013-04-01 05:36:45,True
u25,HomeMobility,2013-04-01 05:56:45,True
u25,HomeMobility,2013-04-01 06:16:45,True
u25,HomeMobility,2013-04-01 06:36:45,True
u25,HomeMobility,2013-04-01 06:56:45,True
u25,HomeMobility,2013-04-01 07:16:45,True
u25,HomeMobility,2013-04-01 07:56:45,False
u25,HomeMobility,2013-04-01 08:16:45,False
u25,HomeMobility,2013-04-01 08:36:45,False
u25,HomeMobility,2013-04-01 08:56:46,False
u25,HomeMobility,2013-04-01 09:16:45,False
u25,HomeMobility,2013-04-01 09:36:45,False
u25,HomeMobility,2013-04-01 09:56:45,False
u25,HomeMobility,2013-04-01 10:16:45,False
u25,HomeMobility,2013-04-01 10:36:45,False
u25,HomeMobility,2013-04-01 10:56:45,False
u25,HomeMobility,2013-04-01 11:16:45,False
u25,HomeMobility,2013-04-01 11:36:45,False
u25,HomeMobility,2013-04-01 11:56:45,False
u25,HomeMobility,2013-04-01 12:16:45,False
u25,HomeMobility,2013-04-01 12:36:45,False
u25,HomeMobility,2013-04-01 12:56:45,False
u25,HomeMobility,2013-04-01 13:16:45,False
u25,HomeMobility,2013-04-01 13:36:45,False
u25,HomeMobility,2013-04-01 13:56:45,False
u25,HomeMobility,2013-04-01 14:16:45,False
u25,HomeMobility,2013-04-01 14:36:45,False
u25,HomeMobility,2013-04-01 14:56:45,False
u25,HomeMobility,2013-04-01 15:16:45,False
u25,HomeMobility,2013-04-01 15:36:45,False
u25,HomeMobility,2013-04-01 15:56:45,False
u25,HomeMobility,2013-04-01 16:16:45,False
u25,HomeMobility,2013-04-01 16:36:45,False
u25,HomeMobility,2013-04-01 16:56:45,False
u25,HomeMobility,2013-04-01 17:16:45,False
u25,HomeMobility,2013-04-01 17:36:45,False
u25,HomeMobility,2013-04-01 17:56:45,False
u25,HomeMobility,2013-04-01 18:16:45,False
u25,HomeMobility,2013-04-01 18:36:45,False
u25,HomeMobility,2013-04-01 18:56:45,False
u25,HomeMobility,2013-04-01 19:16:45,False
u25,HomeMobility,2013-04-01 19:36:45,False
u25,HomeMobility,2013-04-01 19:56:45,False
u25,HomeMobility,2013-04-01 20:16:45,False
u25,HomeMobility,2013-04-01 20:36:41,False
u25,HomeMobility,2013-04-01 20:56:45,False
u25,HomeMobility,2013-04-01 21:16:45,False
u25,HomeMobility,2013-04-01 21:36:45,False
u25,HomeMobility,2013-04-01 21:56:45,False
u25,HomeMobility,2013-04-01 22:16:45,False
u25,HomeMobility,2013-04-01 22:36:45,False
u25,HomeMobility,2013-04-01 22:56:45,False
u25,HomeMobility,2013-04-01 23:16:45,False
u25,HomeMobility,2013-04-01 23:36:49,False
u25,HomeMobility,2013-04-01 23:56:45,True
u25,HomeMobility,2013-04-02 00:16:45,True
u25,HomeMobility,2013-04-02 00:36:45,True
u25,HomeMobility,2013-04-02 00:56:45,True
u25,HomeMobility,2013-04-02 01:16:45,True
u25,HomeMobility,2013-04-02 01:36:45,True
u25,HomeMobility,2013-04-02 01:56:45,True
u25,HomeMobility,2013-04-02 02:16:45,True
u25,HomeMobility,2013-04-02 02:36:45,True
u25,HomeMobility,2013-04-02 02:56:45,True
u25,HomeMobility,2013-04-02 03:16:45,True
u25,HomeMobility,2013-04-02 03:36:45,True
u25,HomeMobility,2013-04-02 03:56:46,True
u25,HomeMobility,2013-04-02 04:16:45,True
u25,HomeMobility,2013-04-02 04:36:45,True
u25,HomeMobility,2013-04-02 04:56:45,True
u25,HomeMobility,2013-04-02 05:16:45,True
u25,HomeMobility,2013-04-02 05:36:45,True
u25,HomeMobility,2013-04-02 05:56:45,True
u25,HomeMobility,2013-04-02 06:16:45,True
u25,HomeMobility,2013-04-02 06:36:45,True
u25,HomeMobility,2013-04-02 06:56:45,True
u25,HomeMobility,2013-04-02 07:16:45,True
u25,HomeMobility,2013-04-02 07:36:45,True
u25,HomeMobility,2013-04-02 07:56:45,True
u25,HomeMobility,2013-04-02 08:16:45,True
u25,HomeMobility,2013-04-02 08:36:45,True
u25,HomeMobility,2013-04-02 08:56:45,True
u25,HomeMobility,2013-04-02 09:16:45,True
u25,HomeMobility,2013-04-02 09:36:45,True
u25,HomeMobility,2013-04-02 09:56:46,False
u25,HomeMobility,2013-04-02 10:16:45,False
u25,HomeMobility,2013-04-02 10:36:45,False
u25,HomeMobility,2013-04-02 10:56:45,False
u25,HomeMobility,2013-04-02 11:16:45,False
u25,HomeMobility,2013-04-02 11:36:45,False
u25,HomeMobility,2013-04-02 11:36:46,False
u25,HomeMobility,2013-04-02 12:16:45,False
u25,HomeMobility,2013-04-02 12:16:46,False
u25,HomeMobility,2013-04-02 12:56:45,False
u25,HomeMobility,2013-04-02 13:16:45,False
u25,HomeMobility,2013-04-02 13:36:45,False
u25,HomeMobility,2013-04-02 13:56:45,False
u25,HomeMobility,2013-04-02 14:16:46,False
u25,HomeMobility,2013-04-02 14:36:46,False
u25,HomeMobility,2013-04-02 14:56:45,False
u25,HomeMobility,2013-04-02 15:16:45,False
u25,HomeMobility,2013-04-02 15:36:45,False
u25,HomeMobility,2013-04-02 15:56:45,False
u25,HomeMobility,2013-04-02 16:16:45,False
u25,HomeMobility,2013-04-02 16:36:45,False
u25,HomeMobility,2013-04-02 16:56:45,False
u25,HomeMobility,2013-04-02 17:16:45,False
u25,HomeMobility,2013-04-02 17:36:46,False
u25,HomeMobility,2013-04-02 17:56:45,False
u25,HomeMobility,2013-04-02 18:16:46,False
u25,HomeMobility,2013-04-02 18:36:46,False
u25,HomeMobility,2013-04-02 18:56:46,False
u25,HomeMobility,2013-04-02 19:16:45,False
u25,HomeMobility,2013-04-02 19:36:45,False
u25,HomeMobility,2013-04-02 19:56:45,False
u25,HomeMobility,2013-04-02 20:16:45,False
u25,HomeMobility,2013-04-02 20:36:45,False
u25,HomeMobility,2013-04-02 20:56:45,False
u25,HomeMobility,2013-04-02 21:16:45,False
u25,HomeMobility,2013-04-02 21:36:46,False
u25,HomeMobility,2013-04-02 21:56:45,False
u25,HomeMobility,2013-04-02 22:16:45,False
u25,HomeMobility,2013-04-02 22:36:45,False
u25,HomeMobility,2013-04-02 22:56:45,False
u25,HomeMobility,2013-04-02 23:16:45,False
u25,HomeMobility,2013-04-02 23:36:45,False
u25,HomeMobility,2013-04-02 23:56:45,True
u25,HomeMobility,2013-04-03 08:40:41,True
u25,HomeMobility,2013-04-03 09:00:47,False
u25,HomeMobility,2013-04-03 09:20:47,False
u25,HomeMobility,2013-04-03 09:40:47,False
u25,HomeMobility,2013-04-03 10:00:47,False
u25,HomeMobility,2013-04-03 10:20:47,False
u25,HomeMobility,2013-04-03 10:40:47,False
u25,HomeMobility,2013-04-03 11:00:47,False
u25,HomeMobility,2013-04-03 11:20:47,False
u25,HomeMobility,2013-04-03 11:40:47,False
u25,HomeMobility,2013-04-03 12:00:47,False
u25,HomeMobility,2013-04-03 12:20:47,False
u25,HomeMobility,2013-04-03 12:40:47,False
u25,HomeMobility,2013-04-03 13:00:47,False
u25,HomeMobility,2013-04-03 13:20:47,False
u25,HomeMobility,2013-04-03 13:40:47,False
u25,HomeMobility,2013-04-03 14:00:47,False
u25,HomeMobility,2013-04-03 14:20:47,False
u25,HomeMobility,2013-04-03 14:40:47,False
u25,HomeMobility,2013-04-03 15:00:47,False
u25,HomeMobility,2013-04-03 15:20:48,False
u25,HomeMobility,2013-04-03 15:40:47,False
u25,HomeMobility,2013-04-03 16:00:47,False
u25,HomeMobility,2013-04-03 16:20:47,False
u25,HomeMobility,2013-04-03 16:40:47,False
u25,HomeMobility,2013-04-03 17:00:47,False
u25,HomeMobility,2013-04-03 17:20:47,False
u25,HomeMobility,2013-04-03 17:40:47,False
u25,HomeMobility,2013-04-03 18:00:47,False
u25,HomeMobility,2013-04-03 18:20:48,False
u25,HomeMobility,2013-04-03 18:40:48,False
u25,HomeMobility,2013-04-03 19:00:47,False
u25,HomeMobility,2013-04-03 19:20:47,False
u25,HomeMobility,2013-04-03 19:40:47,False
u25,HomeMobility,2013-04-03 20:00:47,False
u25,HomeMobility,2013-04-03 20:20:47,False
u25,HomeMobility,2013-04-03 20:40:47,False
u25,HomeMobility,2013-04-03 21:00:47,False
u25,HomeMobility,2013-04-03 21:20:47,False
u25,HomeMobility,2013-04-03 21:40:47,False
u25,HomeMobility,2013-04-03 22:00:47,False
u25,HomeMobility,2013-04-03 22:20:47,False
u25,HomeMobility,2013-04-03 22:40:47,False
u25,HomeMobility,2013-04-03 23:00:48,False
u25,HomeMobility,2013-04-03 23:20:48,False
u25,HomeMobility,2013-04-04 08:34:29,False
u25,HomeMobility,2013-04-04 08:54:35,False
u25,HomeMobility,2013-04-04 09:14:35,False
u25,HomeMobility,2013-04-04 09:34:35,False
u25,HomeMobility,2013-04-04 09:54:35,False
u25,HomeMobility,2013-04-04 10:14:35,False
u25,HomeMobility,2013-04-04 10:34:35,False
u25,HomeMobility,2013-04-04 10:54:35,False
u25,HomeMobility,2013-04-04 11:14:35,False
u25,HomeMobility,2013-04-04 11:34:35,False
u25,HomeMobility,2013-04-04 11:54:35,False
u25,HomeMobility,2013-04-04 12:14:35,False
u25,HomeMobility,2013-04-04 12:34:35,False
u25,HomeMobility,2013-04-04 13:14:35,False
u25,HomeMobility,2013-04-04 13:34:35,False
u25,HomeMobility,2013-04-04 13:54:35,False
u25,HomeMobility,2013-04-04 14:14:35,False
u25,HomeMobility,2013-04-04 14:34:35,False
u25,HomeMobility,2013-04-04 14:54:35,False
u25,HomeMobility,2013-04-04 15:14:35,False
u25,HomeMobility,2013-04-04 15:34:35,False
u25,HomeMobility,2013-04-04 15:54:35,False
u25,HomeMobility,2013-04-04 16:14:35,False
u25,HomeMobility,2013-04-04 16:34:35,False
u25,HomeMobility,2013-04-04 16:54:35,False
u25,HomeMobility,2013-04-04 17:14:35,False
u25,HomeMobility,2013-04-04 17:34:35,False
u25,HomeMobility,2013-04-04 17:54:35,False
u25,HomeMobility,2013-04-04 18:14:35,False
u25,HomeMobility,2013-04-04 18:34:35,False
u25,HomeMobility,2013-04-04 18:54:35,False
u25,HomeMobility,2013-04-04 19:14:35,False
u25,HomeMobility,2013-04-04 19:34:35,False
u25,HomeMobility,2013-04-04 19:54:35,False
u25,HomeMobility,2013-04-04 20:14:35,False
u25,HomeMobility,2013-04-04 20:34:35,False
u25,HomeMobility,2013-04-04 20:54:35,False
u25,HomeMobility,2013-04-04 21:14:35,False
u25,HomeMobility,2013-04-04 21:34:35,False
u25,HomeMobility,2013-04-04 21:54:35,False
u25,HomeMobility,2013-04-04 22:14:35,False
u25,HomeMobility,2013-04-04 22:34:35,False
u25,HomeMobility,2013-04-05 08:38:06,False
u25,HomeMobility,2013-04-05 08:58:05,False
u25,HomeMobility,2013-04-05 09:18:05,False
u25,HomeMobility,2013-04-05 09:38:05,False
u25,HomeMobility,2013-04-05 09:58:05,False
u25,HomeMobility,2013-04-05 10:18:05,False
u25,HomeMobility,2013-04-05 10:38:05,False
u25,HomeMobility,2013-04-05 10:58:05,False
u25,HomeMobility,2013-04-05 11:18:08,False
u25,HomeMobility,2013-04-05 11:38:05,False
u25,HomeMobility,2013-04-05 11:58:06,False
u25,HomeMobility,2013-04-05 12:18:05,False
u25,HomeMobility,2013-04-05 12:38:05,False
u25,HomeMobility,2013-04-05 12:58:05,False
u25,HomeMobility,2013-04-05 13:18:05,False
u25,HomeMobility,2013-04-05 13:38:08,True
u25,HomeMobility,2013-04-05 13:58:05,False
u25,HomeMobility,2013-04-05 14:18:05,False
u25,HomeMobility,2013-04-05 14:38:05,False
u25,HomeMobility,2013-04-05 14:58:05,False
u25,HomeMobility,2013-04-05 15:18:05,False
u25,HomeMobility,2013-04-05 15:38:05,False
u25,HomeMobility,2013-04-05 15:58:06,False
u25,HomeMobility,2013-04-05 16:18:05,False
u25,HomeMobility,2013-04-05 16:38:05,False
u25,HomeMobility,2013-04-05 16:58:05,False
u25,HomeMobility,2013-04-05 17:18:05,False
u25,HomeMobility,2013-04-05 17:36:21,False
u25,HomeMobility,2013-04-05 17:58:05,False
u25,HomeMobility,2013-04-05 18:18:05,False
u25,HomeMobility,2013-04-05 18:38:06,False
u25,HomeMobility,2013-04-05 18:58:05,False
u25,HomeMobility,2013-04-05 19:18:05,False
u25,HomeMobility,2013-04-05 19:38:05,False
u25,HomeMobility,2013-04-05 19:58:05,False
u25,HomeMobility,2013-04-05 20:18:05,True
u25,HomeMobility,2013-04-05 20:38:05,True
u25,HomeMobility,2013-04-05 20:58:05,True
u25,HomeMobility,2013-04-05 21:18:05,True
u25,HomeMobility,2013-04-05 21:38:05,True
u25,HomeMobility,2013-04-05 21:58:05,True
u25,HomeMobility,2013-04-05 22:18:05,True
u25,HomeMobility,2013-04-05 22:38:05,True
u25,HomeMobility,2013-04-05 22:58:06,False
u25,HomeMobility,2013-04-05 23:18:05,False
u25,HomeMobility,2013-04-05 23:58:07,False
u25,HomeMobility,2013-04-06 00:38:06,False
u25,HomeMobility,2013-04-06 00:58:05,False
u25,HomeMobility,2013-04-06 01:18:05,False
u25,HomeMobility,2013-04-06 01:38:05,True
u25,HomeMobility,2013-04-06 01:58:05,True
u25,HomeMobility,2013-04-06 02:18:05,True
u25,HomeMobility,2013-04-06 02:38:05,True
u25,HomeMobility,2013-04-06 02:58:05,True
u25,HomeMobility,2013-04-06 03:18:05,True
u25,HomeMobility,2013-04-06 03:38:05,True
u25,HomeMobility,2013-04-06 03:58:05,True
u25,HomeMobility,2013-04-06 04:18:05,True
u25,HomeMobility,2013-04-06 04:38:05,True
u25,HomeMobility,2013-04-06 04:58:05,True
u25,HomeMobility,2013-04-06 05:18:05,True
u25,HomeMobility,2013-04-06 05:38:05,True
u25,HomeMobility,2013-04-06 05:58:05,True
u25,HomeMobility,2013-04-06 06:18:05,True
u25,HomeMobility,2013-04-06 06:38:05,True
u25,HomeMobility,2013-04-06 06:58:05,True
u25,HomeMobility,2013-04-06 07:18:05,True
u25,HomeMobility,2013-04-06 07:38:05,True
u25,HomeMobility,2013-04-06 07:58:05,True
u25,HomeMobility,2013-04-06 08:18:05,True
u25,HomeMobility,2013-04-06 08:38:05,True
u25,HomeMobility,2013-04-06 08:58:05,True
u25,HomeMobility,2013-04-06 09:18:05,True
u25,HomeMobility,2013-04-06 09:38:05,True
u25,HomeMobility,2013-04-06 09:58:05,True
u25,HomeMobility,2013-04-06 10:18:05,True
u25,HomeMobility,2013-04-06 10:38:05,True
u25,HomeMobility,2013-04-06 10:58:05,True
u25,HomeMobility,2013-04-06 11:18:05,True
u25,HomeMobility,2013-04-06 11:38:05,True
u25,HomeMobility,2013-04-06 11:58:05,True
u25,HomeMobility,2013-04-06 12:18:05,True
u25,HomeMobility,2013-04-06 12:38:05,True
u25,HomeMobility,2013-04-06 12:58:05,True
u25,HomeMobility,2013-04-06 13:18:05,True
u25,HomeMobility,2013-04-06 13:38:05,True
u25,HomeMobility,2013-04-06 13:58:05,True
u25,HomeMobility,2013-04-06 14:18:05,True
u25,HomeMobility,2013-04-06 14:38:05,False
u25,HomeMobility,2013-04-06 14:58:05,False
u25,HomeMobility,2013-04-07 19:58:12,False
u25,HomeMobility,2013-04-07 20:18:12,False
u25,HomeMobility,2013-04-07 20:38:12,False
u25,HomeMobility,2013-04-07 20:58:12,False
u25,HomeMobility,2013-04-07 21:18:12,False
u25,HomeMobility,2013-04-07 21:38:12,False
u25,HomeMobility,2013-04-07 22:58:02,True
u25,HomeMobility,2013-04-07 23:50:45,True
u25,HomeMobility,2013-04-08 10:53:43,False
u25,HomeMobility,2013-04-08 11:13:48,False
u25,HomeMobility,2013-04-08 11:33:49,False
u25,HomeMobility,2013-04-08 11:53:49,False
u25,HomeMobility,2013-04-08 12:13:48,False
u25,HomeMobility,2013-04-08 12:33:48,False
u25,HomeMobility,2013-04-08 12:53:48,False
u25,HomeMobility,2013-04-08 13:13:48,False
u25,HomeMobility,2013-04-08 13:33:48,False
u25,HomeMobility,2013-04-08 13:53:50,False
u25,HomeMobility,2013-04-08 14:13:49,False
u25,HomeMobility,2013-04-08 14:33:48,False
u25,HomeMobility,2013-04-08 14:53:48,False
u25,HomeMobility,2013-04-08 15:13:48,False
u25,HomeMobility,2013-04-08 15:33:48,False
u25,HomeMobility,2013-04-08 15:53:48,False
u25,HomeMobility,2013-04-08 16:13:48,False
u25,HomeMobility,2013-04-08 16:33:48,False
u25,HomeMobility,2013-04-08 16:53:50,False
u25,HomeMobility,2013-04-08 17:13:48,False
u25,HomeMobility,2013-04-08 17:33:50,False
u25,HomeMobility,2013-04-08 17:53:49,False
u25,HomeMobility,2013-04-08 18:13:49,False
u25,HomeMobility,2013-04-08 18:33:48,False
u25,HomeMobility,2013-04-08 18:53:48,False
u25,HomeMobility,2013-04-08 19:13:49,False
u25,HomeMobility,2013-04-08 19:33:48,False
u25,HomeMobility,2013-04-08 19:53:48,False
u25,HomeMobility,2013-04-08 20:13:48,False
u25,HomeMobility,2013-04-08 20:33:48,False
u25,HomeMobility,2013-04-08 20:53:48,False
u25,HomeMobility,2013-04-08 21:13:48,False
u25,HomeMobility,2013-04-08 21:33:48,False
u25,HomeMobility,2013-04-08 21:53:48,False
u25,HomeMobility,2013-04-08 22:13:48,False
u25,HomeMobility,2013-04-08 22:33:48,False
u25,HomeMobility,2013-04-08 22:53:48,False
u25,HomeMobility,2013-04-08 23:13:48,False
u25,HomeMobility,2013-04-08 23:33:48,False
u25,HomeMobility,2013-04-08 23:53:48,True
u25,HomeMobility,2013-04-09 00:13:48,True
u25,HomeMobility,2013-04-09 00:33:48,True
u25,HomeMobility,2013-04-09 00:53:48,True
u25,HomeMobility,2013-04-09 01:13:48,True
u25,HomeMobility,2013-04-09 01:33:48,True
u25,HomeMobility,2013-04-09 01:53:48,True
u25,HomeMobility,2013-04-09 02:13:48,True
u25,HomeMobility,2013-04-09 02:33:48,True
u25,HomeMobility,2013-04-09 02:53:48,True
u25,HomeMobility,2013-04-09 03:13:48,True
u25,HomeMobility,2013-04-09 03:33:48,True
u25,HomeMobility,2013-04-09 03:53:48,True
u25,HomeMobility,2013-04-09 04:13:48,True
u25,HomeMobility,2013-04-09 04:33:48,True
u25,HomeMobility,2013-04-09 04:53:48,True
u25,HomeMobility,2013-04-09 05:13:48,True
u25,HomeMobility,2013-04-09 05:33:48,True
u25,HomeMobility,2013-04-09 05:53:48,True
u25,HomeMobility,2013-04-09 06:13:48,True
u25,HomeMobility,2013-04-09 06:33:48,True
u25,HomeMobility,2013-04-09 06:53:48,True
u25,HomeMobility,2013-04-09 07:13:48,True
u25,HomeMobility,2013-04-09 07:33:48,True
u25,HomeMobility,2013-04-09 07:53:48,True
u25,HomeMobility,2013-04-09 08:13:48,True
u25,HomeMobility,2013-04-09 08:33:48,True
u25,HomeMobility,2013-04-09 08:53:48,True
u25,HomeMobility,2013-04-09 09:13:48,True
u25,HomeMobility,2013-04-09 09:33:48,False
u25,HomeMobility,2013-04-09 09:53:48,False
u25,HomeMobility,2013-04-09 10:13:48,False
u25,HomeMobility,2013-04-09 10:33:48,False
u25,HomeMobility,2013-04-09 10:53:48,False
u25,HomeMobility,2013-04-09 15:28:42,False
u25,HomeMobility,2013-04-09 15:48:42,False
u25,HomeMobility,2013-04-09 16:08:42,False
u25,HomeMobility,2013-04-09 16:28:42,False
u25,HomeMobility,2013-04-09 16:48:44,False
u25,HomeMobility,2013-04-09 17:08:42,False
u25,HomeMobility,2013-04-09 17:28:42,False
u25,HomeMobility,2013-04-09 17:48:42,False
u25,HomeMobility,2013-04-09 18:08:42,False
u25,HomeMobility,2013-04-09 18:28:42,False
u25,HomeMobility,2013-04-09 18:48:42,False
u25,HomeMobility,2013-04-09 19:08:42,False
u25,HomeMobility,2013-04-09 19:28:42,False
u25,HomeMobility,2013-04-09 19:48:42,False
u25,HomeMobility,2013-04-09 20:08:42,False
u25,HomeMobility,2013-04-09 20:28:42,False
u25,HomeMobility,2013-04-09 20:48:42,False
u25,HomeMobility,2013-04-09 21:08:42,False
u25,HomeMobility,2013-04-09 21:28:42,False
u25,HomeMobility,2013-04-09 21:48:42,False
u25,HomeMobility,2013-04-09 22:08:42,False
u25,HomeMobility,2013-04-10 08:35:13,False
u25,HomeMobility,2013-04-10 08:55:13,False
u25,HomeMobility,2013-04-10 09:15:13,False
u25,HomeMobility,2013-04-10 09:35:13,False
u25,HomeMobility,2013-04-10 09:55:13,False
u25,HomeMobility,2013-04-10 10:15:13,False
u25,HomeMobility,2013-04-10 10:35:14,False
u25,HomeMobility,2013-04-10 10:55:13,False
u25,HomeMobility,2013-04-10 11:15:13,False
u25,HomeMobility,2013-04-10 11:35:13,False
u25,HomeMobility,2013-04-10 11:55:13,False
u25,HomeMobility,2013-04-10 12:15:13,False
u25,HomeMobility,2013-04-10 12:35:13,False
u25,HomeMobility,2013-04-10 12:55:13,False
u25,HomeMobility,2013-04-10 13:15:13,False
u25,HomeMobility,2013-04-10 13:35:13,False
u25,HomeMobility,2013-04-10 13:55:13,False
u25,HomeMobility,2013-04-10 14:15:13,False
u25,HomeMobility,2013-04-10 14:35:13,False
u25,HomeMobility,2013-04-10 14:55:13,False
u25,HomeMobility,2013-04-10 15:15:14,False
u25,HomeMobility,2013-04-10 15:35:13,False
u25,HomeMobility,2013-04-10 15:55:13,False
u25,HomeMobility,2013-04-10 16:15:13,False
u25,HomeMobility,2013-04-10 16:35:13,False
u25,HomeMobility,2013-04-10 16:55:13,False
u25,HomeMobility,2013-04-10 17:15:13,False
u25,HomeMobility,2013-04-10 17:35:13,False
u25,HomeMobility,2013-04-10 17:55:13,False
u25,HomeMobility,2013-04-10 18:15:13,False
u25,HomeMobility,2013-04-10 18:35:13,False
u25,HomeMobility,2013-04-10 18:55:13,False
u25,HomeMobility,2013-04-10 19:15:13,False
u25,HomeMobility,2013-04-10 19:35:14,False
u25,HomeMobility,2013-04-10 19:55:13,False
u25,HomeMobility,2013-04-10 20:15:13,False
u25,HomeMobility,2013-04-10 20:35:13,False
u25,HomeMobility,2013-04-10 20:55:13,False
u25,HomeMobility,2013-04-10 21:15:13,False
u25,HomeMobility,2013-04-10 21:35:13,False
u25,HomeMobility,2013-04-10 21:55:13,True
u25,HomeMobility,2013-04-10 22:15:13,True
u25,HomeMobility,2013-04-10 22:35:13,True
u25,HomeMobility,2013-04-10 22:55:13,True
u25,HomeMobility,2013-04-10 23:15:13,True
u25,HomeMobility,2013-04-11 10:58:20,False
u25,HomeMobility,2013-04-11 11:18:20,False
u25,HomeMobility,2013-04-11 11:38:20,False
u25,HomeMobility,2013-04-11 11:38:21,False
u25,HomeMobility,2013-04-11 12:18:20,False
u25,HomeMobility,2013-04-11 12:38:20,False
u25,HomeMobility,2013-04-11 12:52:55,False
u25,HomeMobility,2013-04-11 13:18:20,False
u25,HomeMobility,2013-04-11 13:38:21,False
u25,HomeMobility,2013-04-11 13:58:20,True
u25,HomeMobility,2013-04-11 14:18:20,False
u25,HomeMobility,2013-04-11 14:38:20,False
u25,HomeMobility,2013-04-11 14:58:20,True
u25,HomeMobility,2013-04-11 15:18:20,False
u25,HomeMobility,2013-04-11 15:38:20,False
u25,HomeMobility,2013-04-11 15:58:20,False
u25,HomeMobility,2013-04-11 16:18:20,False
u25,HomeMobility,2013-04-11 16:38:20,False
u25,HomeMobility,2013-04-11 16:58:20,False
u25,HomeMobility,2013-04-11 17:18:20,False
u25,HomeMobility,2013-04-11 17:38:21,False
u25,HomeMobility,2013-04-11 17:58:20,False
u25,HomeMobility,2013-04-11 18:18:20,False
u25,HomeMobility,2013-04-11 18:38:20,False
u25,HomeMobility,2013-04-11 18:58:21,False
u25,HomeMobility,2013-04-11 19:18:20,False
u25,HomeMobility,2013-04-11 19:38:20,False
u25,HomeMobility,2013-04-11 19:58:20,False
u25,HomeMobility,2013-04-11 20:18:20,False
u25,HomeMobility,2013-04-11 20:38:20,False
u25,HomeMobility,2013-04-11 20:58:20,False
u25,HomeMobility,2013-04-11 21:18:20,False
u25,HomeMobility,2013-04-11 21:38:20,False
u25,HomeMobility,2013-04-11 21:58:20,False
u25,HomeMobility,2013-04-11 22:18:21,False
u25,HomeMobility,2013-04-11 22:38:21,False
u25,HomeMobility,2013-04-11 22:58:20,True
u25,HomeMobility,2013-04-11 23:18:20,True
u25,HomeMobility,2013-04-11 23:38:21,True
u25,HomeMobility,2013-04-12 12:35:31,False
u25,HomeMobility,2013-04-12 12:55:31,False
u25,HomeMobility,2013-04-12 13:15:31,False
u25,HomeMobility,2013-04-12 13:35:31,False
u25,HomeMobility,2013-04-12 13:55:31,False
u25,HomeMobility,2013-04-12 14:15:31,False
u25,HomeMobility,2013-04-12 14:35:31,False
u25,HomeMobility,2013-04-12 14:55:31,False
u25,HomeMobility,2013-04-12 15:15:31,False
u25,HomeMobility,2013-04-12 15:35:31,False
u25,HomeMobility,2013-04-12 15:55:31,False
u25,HomeMobility,2013-04-12 16:15:31,False
u25,HomeMobility,2013-04-12 16:35:32,False
u25,HomeMobility,2013-04-12 16:55:32,False
u25,HomeMobility,2013-04-12 17:15:31,False
u25,HomeMobility,2013-04-12 17:35:31,False
u25,HomeMobility,2013-04-12 17:55:31,False
u25,HomeMobility,2013-04-12 18:15:31,False
u25,HomeMobility,2013-04-12 18:35:31,False
u25,HomeMobility,2013-04-12 18:55:31,False
u25,HomeMobility,2013-04-12 19:15:31,False
u25,HomeMobility,2013-04-12 19:35:31,False
u25,HomeMobility,2013-04-12 19:55:31,False
u25,HomeMobility,2013-04-12 20:15:31,False
u25,HomeMobility,2013-04-12 20:35:31,False
u25,HomeMobility,2013-04-12 20:55:31,False
u25,HomeMobility,2013-04-12 21:15:31,False
u25,HomeMobility,2013-04-12 21:35:31,False
u25,HomeMobility,2013-04-12 21:55:31,False
u25,HomeMobility,2013-04-12 22:15:31,False
u25,HomeMobility,2013-04-12 22:35:31,False
u25,HomeMobility,2013-04-12 22:55:31,False
u25,HomeMobility,2013-04-12 23:15:31,False
u25,HomeMobility,2013-04-12 23:35:31,False
u25,HomeMobility,2013-04-12 23:55:31,False
u25,HomeMobility,2013-04-13 00:15:31,False
u25,HomeMobility,2013-04-13 00:35:31,False
u25,HomeMobility,2013-04-13 00:55:31,False
u25,HomeMobility,2013-04-13 01:15:31,False
u25,HomeMobility,2013-04-13 01:35:31,False
u25,HomeMobility,2013-04-13 01:55:31,False
u25,HomeMobility,2013-04-13 02:15:31,False
u25,HomeMobility,2013-04-13 02:35:31,False
u25,HomeMobility,2013-04-13 02:55:31,False
u25,HomeMobility,2013-04-13 03:15:31,False
u25,HomeMobility,2013-04-13 03:35:31,False
u25,HomeMobility,2013-04-13 03:55:31,False
u25,HomeMobility,2013-04-13 04:15:31,False
u25,HomeMobility,2013-04-13 04:35:31,False
u25,HomeMobility,2013-04-13 04:55:31,False
u25,HomeMobility,2013-04-13 05:15:31,False
u25,HomeMobility,2013-04-13 05:35:31,False
u25,HomeMobility,2013-04-13 05:55:31,False
u25,HomeMobility,2013-04-13 06:15:31,False
u25,HomeMobility,2013-04-13 06:35:31,False
u25,HomeMobility,2013-04-13 06:55:31,False
u25,HomeMobility,2013-04-13 06:55:36,False
u25,HomeMobility,2013-04-13 13:15:27,False
u25,HomeMobility,2013-04-13 13:35:27,False
u25,HomeMobility,2013-04-13 13:55:27,False
u25,HomeMobility,2013-04-13 14:15:27,False
u25,HomeMobility,2013-04-13 14:35:27,False
u25,HomeMobility,2013-04-13 15:15:27,False
u25,HomeMobility,2013-04-13 16:15:24,False
u25,HomeMobility,2013-04-13 16:35:24,False
u25,HomeMobility,2013-04-13 16:55:24,False
u25,HomeMobility,2013-04-13 17:35:26,False
u25,HomeMobility,2013-04-13 17:55:24,False
u25,HomeMobility,2013-04-13 18:15:25,False
u25,HomeMobility,2013-04-14 14:06:08,False
u25,HomeMobility,2013-04-14 14:26:07,False
u25,HomeMobility,2013-04-14 14:46:07,False
u25,HomeMobility,2013-04-14 15:06:07,False
u25,HomeMobility,2013-04-14 15:26:07,False
u25,HomeMobility,2013-04-14 15:46:08,False
u25,HomeMobility,2013-04-14 16:06:07,False
u25,HomeMobility,2013-04-14 16:26:07,False
u25,HomeMobility,2013-04-14 16:46:07,False
u25,HomeMobility,2013-04-14 17:06:07,False
u25,HomeMobility,2013-04-14 17:26:07,False
u25,HomeMobility,2013-04-14 17:46:07,False
u25,HomeMobility,2013-04-14 18:06:07,False
u25,HomeMobility,2013-04-14 18:26:07,False
u25,HomeMobility,2013-04-14 18:46:08,False
u25,HomeMobility,2013-04-14 19:06:07,False
u25,HomeMobility,2013-04-14 19:26:07,False
u25,HomeMobility,2013-04-14 19:46:07,False
u25,HomeMobility,2013-04-14 20:06:07,False
u25,HomeMobility,2013-04-14 20:26:07,False
u25,HomeMobility,2013-04-14 20:46:07,False
u25,HomeMobility,2013-04-14 21:06:07,False
u25,HomeMobility,2013-04-14 21:06:08,False
u25,HomeMobility,2013-04-14 21:46:07,False
u25,HomeMobility,2013-04-14 22:06:07,False
u25,HomeMobility,2013-04-14 22:26:11,False
u25,HomeMobility,2013-04-14 22:46:07,False
u25,HomeMobility,2013-04-14 23:06:07,False
u25,HomeMobility,2013-04-14 23:26:07,True
u25,HomeMobility,2013-04-14 23:46:07,True
u25,HomeMobility,2013-04-15 00:06:07,True
u25,HomeMobility,2013-04-15 00:26:07,True
u25,HomeMobility,2013-04-15 00:46:07,True
u25,HomeMobility,2013-04-15 01:06:07,True
u25,HomeMobility,2013-04-15 01:26:07,True
u25,HomeMobility,2013-04-15 01:46:07,True
u25,HomeMobility,2013-04-15 02:06:07,True
u25,HomeMobility,2013-04-15 02:26:07,True
u25,HomeMobility,2013-04-15 02:46:07,True
u25,HomeMobility,2013-04-15 03:06:07,True
u25,HomeMobility,2013-04-15 03:26:07,True
u25,HomeMobility,2013-04-15 03:46:07,True
u25,HomeMobility,2013-04-15 04:06:07,True
u25,HomeMobility,2013-04-15 04:26:07,True
u25,HomeMobility,2013-04-15 04:46:07,True
u25,HomeMobility,2013-04-15 05:06:07,True
u25,HomeMobility,2013-04-15 05:26:07,True
u25,HomeMobility,2013-04-15 05:46:07,True
u25,HomeMobility,2013-04-15 06:06:07,True
u25,HomeMobility,2013-04-15 06:26:07,True
u25,HomeMobility,2013-04-15 06:46:07,True
u25,HomeMobility,2013-04-15 07:06:07,True
u25,HomeMobility,2013-04-15 07:26:07,True
u25,HomeMobility,2013-04-15 07:46:07,True
u25,HomeMobility,2013-04-15 08:06:07,True
u25,HomeMobility,2013-04-15 08:26:07,True
u25,HomeMobility,2013-04-15 08:46:07,False
u25,HomeMobility,2013-04-15 09:06:09,False
u25,HomeMobility,2013-04-15 09:26:07,False
u25,HomeMobility,2013-04-15 09:46:07,False
u25,HomeMobility,2013-04-15 10:06:07,False
u25,HomeMobility,2013-04-15 10:26:07,False
u25,HomeMobility,2013-04-15 10:46:07,False
u25,HomeMobility,2013-04-15 11:06:07,False
u25,HomeMobility,2013-04-15 11:26:07,False
u25,HomeMobility,2013-04-15 11:46:07,False
u25,HomeMobility,2013-04-15 12:06:07,False
u25,HomeMobility,2013-04-15 12:26:07,False
u25,HomeMobility,2013-04-15 12:46:07,False
u25,HomeMobility,2013-04-15 13:06:07,False
u25,HomeMobility,2013-04-15 13:26:07,False
u25,HomeMobility,2013-04-15 13:46:07,False
u25,HomeMobility,2013-04-15 14:06:07,False
u25,HomeMobility,2013-04-15 14:26:07,False
u25,HomeMobility,2013-04-15 14:46:09,False
u25,HomeMobility,2013-04-15 15:06:07,False
u25,HomeMobility,2013-04-15 15:26:07,False
u25,HomeMobility,2013-04-15 15:46:07,False
u25,HomeMobility,2013-04-15 16:06:07,False
u25,HomeMobility,2013-04-15 16:26:07,False
u25,HomeMobility,2013-04-15 16:46:07,False
u25,HomeMobility,2013-04-15 17:06:07,False
u25,HomeMobility,2013-04-15 17:26:07,False
u25,HomeMobility,2013-04-15 17:46:07,False
u25,HomeMobility,2013-04-15 18:06:07,False
u25,HomeMobility,2013-04-15 18:26:07,False
u25,HomeMobility,2013-04-15 18:46:07,False
u25,HomeMobility,2013-04-15 19:06:07,False
u25,HomeMobility,2013-04-15 19:26:07,False
u25,HomeMobility,2013-04-15 19:46:07,False
u25,HomeMobility,2013-04-15 20:06:07,False
u25,HomeMobility,2013-04-15 20:26:07,False
u25,HomeMobility,2013-04-15 20:46:07,False
u25,HomeMobility,2013-04-15 21:06:07,False
u25,HomeMobility,2013-04-15 21:26:07,False
u25,HomeMobility,2013-04-15 21:46:07,False
u25,HomeMobility,2013-04-15 22:06:07,False
u25,HomeMobility,2013-04-15 22:26:07,False
u25,HomeMobility,2013-04-15 22:46:07,False
u25,HomeMobility,2013-04-15 23:06:07,False
u25,HomeMobility,2013-04-15 23:46:07,True
u25,HomeMobility,2013-04-16 00:06:07,True
u25,HomeMobility,2013-04-16 00:26:07,True
u25,HomeMobility,2013-04-16 00:46:07,True
u25,HomeMobility,2013-04-16 01:06:07,True
u25,HomeMobility,2013-04-16 01:26:07,True
u25,HomeMobility,2013-04-16 01:46:07,True
u25,HomeMobility,2013-04-16 02:06:07,True
u25,HomeMobility,2013-04-16 02:26:07,True
u25,HomeMobility,2013-04-16 02:46:07,True
u25,HomeMobility,2013-04-16 03:06:07,True
u25,HomeMobility,2013-04-16 03:26:07,True
u25,HomeMobility,2013-04-16 03:46:07,True
u25,HomeMobility,2013-04-16 04:06:07,True
u25,HomeMobility,2013-04-16 04:26:07,True
u25,HomeMobility,2013-04-16 04:46:07,True
u25,HomeMobility,2013-04-16 05:06:07,True
u25,HomeMobility,2013-04-16 05:26:07,True
u25,HomeMobility,2013-04-16 05:46:07,True
u25,HomeMobility,2013-04-16 06:06:07,True
u25,HomeMobility,2013-04-16 06:26:07,True
u25,HomeMobility,2013-04-16 06:46:07,True
u25,HomeMobility,2013-04-16 07:06:07,True
u25,HomeMobility,2013-04-16 07:26:07,True
u25,HomeMobility,2013-04-16 07:46:07,True
u25,HomeMobility,2013-04-16 08:06:07,True
u25,HomeMobility,2013-04-16 08:26:07,True
u25,HomeMobility,2013-04-16 08:46:07,True
u25,HomeMobility,2013-04-16 09:06:07,True
u25,HomeMobility,2013-04-16 09:26:07,False
u25,HomeMobility,2013-04-16 09:46:07,False
u25,HomeMobility,2013-04-16 10:06:07,False
u25,HomeMobility,2013-04-16 10:26:07,False
u25,HomeMobility,2013-04-16 10:46:07,False
u25,HomeMobility,2013-04-16 11:06:07,False
u25,HomeMobility,2013-04-16 11:26:07,False
u25,HomeMobility,2013-04-16 11:46:07,False
u25,HomeMobility,2013-04-16 12:06:07,False
u25,HomeMobility,2013-04-16 12:26:08,False
u25,HomeMobility,2013-04-16 12:46:07,True
u25,HomeMobility,2013-04-16 13:06:07,False
u25,HomeMobility,2013-04-16 13:26:07,False
u25,HomeMobility,2013-04-17 12:14:56,False
u25,HomeMobility,2013-04-17 12:48:44,False
u25,HomeMobility,2013-04-17 13:08:50,False
u25,HomeMobility,2013-04-17 13:28:50,False
u25,HomeMobility,2013-04-17 13:48:50,False
u25,HomeMobility,2013-04-17 14:08:50,False
u25,HomeMobility,2013-04-17 14:28:50,False
u25,HomeMobility,2013-04-17 14:48:50,False
u25,HomeMobility,2013-04-17 15:08:50,False
u25,HomeMobility,2013-04-17 15:28:50,False
u25,HomeMobility,2013-04-17 15:48:50,False
u25,HomeMobility,2013-04-17 16:08:50,False
u25,HomeMobility,2013-04-17 16:28:50,False
u25,HomeMobility,2013-04-17 16:48:50,False
u25,HomeMobility,2013-04-17 17:08:50,False
u25,HomeMobility,2013-04-17 17:28:50,False
u25,HomeMobility,2013-04-17 17:48:51,False
u25,HomeMobility,2013-04-17 18:08:50,False
u25,HomeMobility,2013-04-17 18:58:17,False
u25,HomeMobility,2013-04-17 19:18:20,False
u25,HomeMobility,2013-04-17 19:38:20,False
u25,HomeMobility,2013-04-17 19:58:20,False
u25,HomeMobility,2013-04-17 20:18:20,False
u25,HomeMobility,2013-04-17 20:38:20,False
u25,HomeMobility,2013-04-17 20:58:20,False
u25,HomeMobility,2013-04-17 21:18:20,False
u25,HomeMobility,2013-04-17 21:38:20,False
u25,HomeMobility,2013-04-17 21:58:20,False
u25,HomeMobility,2013-04-17 22:18:20,False
u25,HomeMobility,2013-04-17 22:38:20,False
u25,HomeMobility,2013-04-17 22:58:20,False
u25,HomeMobility,2013-04-17 23:18:20,False
u25,HomeMobility,2013-04-17 23:38:20,False
u25,HomeMobility,2013-04-17 23:58:20,False
u25,HomeMobility,2013-04-18 00:18:20,False
u25,HomeMobility,2013-04-18 00:38:20,False
u25,HomeMobility,2013-04-18 00:58:20,False
u25,HomeMobility,2013-04-18 01:18:20,False
u25,HomeMobility,2013-04-18 01:38:20,False
u25,HomeMobility,2013-04-18 01:58:20,False
u25,HomeMobility,2013-04-18 02:18:20,False
u25,HomeMobility,2013-04-18 02:38:20,False
u25,HomeMobility,2013-04-18 02:58:20,False
u25,HomeMobility,2013-04-18 03:18:20,False
u25,HomeMobility,2013-04-18 03:38:20,False
u25,HomeMobility,2013-04-18 03:58:20,False
u25,HomeMobility,2013-04-18 04:18:21,False
u25,HomeMobility,2013-04-18 04:38:21,False
u25,HomeMobility,2013-04-18 04:58:20,False
u25,HomeMobility,2013-04-18 05:18:20,False
u25,HomeMobility,2013-04-18 05:38:20,False
u25,HomeMobility,2013-04-18 05:58:20,False
u25,HomeMobility,2013-04-18 06:18:20,False
u25,HomeMobility,2013-04-18 06:38:20,False
u25,HomeMobility,2013-04-18 06:58:20,False
u25,HomeMobility,2013-04-18 07:18:20,False
u25,HomeMobility,2013-04-18 07:38:20,False
u25,HomeMobility,2013-04-18 07:58:20,False
u25,HomeMobility,2013-04-18 08:18:20,False
u25,HomeMobility,2013-04-18 08:38:20,False
u25,HomeMobility,2013-04-18 08:58:20,False
u25,HomeMobility,2013-04-18 09:18:20,False
u25,HomeMobility,2013-04-18 09:38:20,False
u25,HomeMobility,2013-04-18 09:58:20,False
u25,HomeMobility,2013-04-18 10:18:20,False
u25,HomeMobility,2013-04-18 10:38:20,False
u25,HomeMobility,2013-04-18 10:58:20,False
u25,HomeMobility,2013-04-18 11:18:20,False
u25,HomeMobility,2013-04-18 11:38:20,False
u25,HomeMobility,2013-04-18 12:18:20,False
u25,HomeMobility,2013-04-18 12:38:20,False
u25,HomeMobility,2013-04-18 13:18:20,False
u25,HomeMobility,2013-04-18 13:38:20,False
u25,HomeMobility,2013-04-18 13:58:20,False
u25,HomeMobility,2013-04-18 14:18:20,False
u25,HomeMobility,2013-04-18 14:18:21,False
u25,HomeMobility,2013-04-18 14:58:20,False
u25,HomeMobility,2013-04-18 15:18:20,False
u25,HomeMobility,2013-04-18 15:38:20,False
u25,HomeMobility,2013-04-18 15:58:20,False
u25,HomeMobility,2013-04-18 16:18:20,False
u25,HomeMobility,2013-04-18 16:38:20,False
u25,HomeMobility,2013-04-18 16:58:20,False
u25,HomeMobility,2013-04-18 17:18:20,False
u25,HomeMobility,2013-04-18 17:38:20,False
u25,HomeMobility,2013-04-18 17:58:20,False
u25,HomeMobility,2013-04-18 18:18:20,False
u25,HomeMobility,2013-04-18 18:38:20,True
u25,HomeMobility,2013-04-18 18:58:21,True
u25,HomeMobility,2013-04-18 19:18:20,True
u25,HomeMobility,2013-04-18 19:38:20,True
u25,HomeMobility,2013-04-18 19:58:20,False
u25,HomeMobility,2013-04-18 19:58:34,False
u25,HomeMobility,2013-04-18 20:38:20,False
u25,HomeMobility,2013-04-18 21:18:20,False
u25,HomeMobility,2013-04-18 21:38:20,False
u25,HomeMobility,2013-04-18 21:58:20,False
u25,HomeMobility,2013-04-18 22:18:21,False
u25,HomeMobility,2013-04-18 22:38:20,False
u25,HomeMobility,2013-04-18 22:58:20,False
u25,HomeMobility,2013-04-18 23:18:20,False
u25,HomeMobility,2013-04-18 23:38:20,False
u25,HomeMobility,2013-04-18 23:58:20,False
u25,HomeMobility,2013-04-19 00:18:20,True
u25,HomeMobility,2013-04-19 00:38:20,True
u25,HomeMobility,2013-04-19 00:58:20,True
u25,HomeMobility,2013-04-19 01:18:20,True
u25,HomeMobility,2013-04-19 01:38:20,True
u25,HomeMobility,2013-04-19 01:58:20,True
u25,HomeMobility,2013-04-19 02:18:20,True
u25,HomeMobility,2013-04-19 02:38:20,True
u25,HomeMobility,2013-04-19 02:58:20,True
u25,HomeMobility,2013-04-19 03:18:20,True
u25,HomeMobility,2013-04-19 03:38:20,True
u25,HomeMobility,2013-04-19 03:58:20,True
u25,HomeMobility,2013-04-19 04:18:20,True
u25,HomeMobility,2013-04-19 04:38:20,True
u25,HomeMobility,2013-04-19 04:58:20,True
u25,HomeMobility,2013-04-19 05:18:20,True
u25,HomeMobility,2013-04-19 05:38:20,True
u25,HomeMobility,2013-04-19 05:58:20,True
u25,HomeMobility,2013-04-19 06:18:20,True
u25,HomeMobility,2013-04-19 06:38:20,True
u25,HomeMobility,2013-04-19 06:58:20,True
u25,HomeMobility,2013-04-19 07:18:20,True
u25,HomeMobility,2013-04-19 07:38:20,True
u25,HomeMobility,2013-04-19 07:58:20,True
u25,HomeMobility,2013-04-19 08:18:20,True
u25,HomeMobility,2013-04-19 08:38:20,True
u25,HomeMobility,2013-04-19 08:58:20,True
u25,HomeMobility,2013-04-19 09:18:20,True
u25,HomeMobility,2013-04-19 09:38:20,True
u25,HomeMobility,2013-04-19 09:58:20,True
u25,HomeMobility,2013-04-19 10:18:20,True
u25,HomeMobility,2013-04-19 10:38:20,True
u25,HomeMobility,2013-04-19 10:58:20,True
u25,HomeMobility,2013-04-19 11:18:20,True
u25,HomeMobility,2013-04-19 11:38:20,True
u25,HomeMobility,2013-04-19 11:58:20,True
u25,HomeMobility,2013-04-19 12:18:20,True
u25,HomeMobility,2013-04-19 12:38:20,False
u25,HomeMobility,2013-04-19 12:58:22,False
u25,HomeMobility,2013-04-19 13:18:20,False
u25,HomeMobility,2013-04-19 13:38:20,False
u25,HomeMobility,2013-04-19 13:58:20,False
u25,HomeMobility,2013-04-19 14:18:20,False
u25,HomeMobility,2013-04-19 14:38:20,False
u25,HomeMobility,2013-04-19 14:58:20,False
u25,HomeMobility,2013-04-19 15:18:20,False
u25,HomeMobility,2013-04-19 15:38:20,False
u25,HomeMobility,2013-04-19 15:58:20,False
u25,HomeMobility,2013-04-19 16:18:20,False
u25,HomeMobility,2013-04-19 16:38:20,False
u25,HomeMobility,2013-04-19 16:58:20,False
u25,HomeMobility,2013-04-19 17:18:20,False
u25,HomeMobility,2013-04-19 17:38:17,False
u25,HomeMobility,2013-04-19 17:58:20,False
u25,HomeMobility,2013-04-19 18:18:20,False
u25,HomeMobility,2013-04-19 18:38:21,False
u25,HomeMobility,2013-04-19 18:58:20,False
u25,HomeMobility,2013-04-19 19:38:20,False
u25,HomeMobility,2013-04-19 19:58:20,False
u25,HomeMobility,2013-04-19 20:18:20,False
u25,HomeMobility,2013-04-19 20:38:20,False
u25,HomeMobility,2013-04-19 20:58:20,False
u25,HomeMobility,2013-04-19 21:18:21,False
u25,HomeMobility,2013-04-19 21:38:20,False
u25,HomeMobility,2013-04-19 21:58:20,False
u25,HomeMobility,2013-04-19 22:18:20,False
u25,HomeMobility,2013-04-19 22:38:20,False
u25,HomeMobility,2013-04-19 22:58:20,False
u25,HomeMobility,2013-04-19 23:18:22,False
u25,HomeMobility,2013-04-19 23:38:20,False
u25,HomeMobility,2013-04-19 23:58:20,False
u25,HomeMobility,2013-04-20 00:18:20,False
u25,HomeMobility,2013-04-20 00:38:20,False
u25,HomeMobility,2013-04-20 00:58:20,False
u25,HomeMobility,2013-04-20 01:18:21,False
u25,HomeMobility,2013-04-20 01:38:20,False
u25,HomeMobility,2013-04-20 01:58:20,False
u25,HomeMobility,2013-04-20 02:18:20,False
u25,HomeMobility,2013-04-20 02:38:20,False
u25,HomeMobility,2013-04-20 02:58:20,False
u25,HomeMobility,2013-04-20 03:18:20,False
u25,HomeMobility,2013-04-20 03:38:20,False
u25,HomeMobility,2013-04-20 03:58:20,False
u25,HomeMobility,2013-04-20 04:18:20,False
u25,HomeMobility,2013-04-20 04:38:20,False
u25,HomeMobility,2013-04-20 04:58:20,False
u25,HomeMobility,2013-04-20 05:18:20,False
u25,HomeMobility,2013-04-20 05:38:20,False
u25,HomeMobility,2013-04-20 05:58:20,False
u25,HomeMobility,2013-04-20 06:18:20,False
u25,HomeMobility,2013-04-20 06:38:20,False
u25,HomeMobility,2013-04-20 06:58:20,False
u25,HomeMobility,2013-04-20 07:18:20,False
u25,HomeMobility,2013-04-20 07:38:20,False
u25,HomeMobility,2013-04-20 07:58:20,False
u25,HomeMobility,2013-04-20 18:28:27,False
u25,HomeMobility,2013-04-20 18:48:33,False
u25,HomeMobility,2013-04-20 19:08:33,False
u25,HomeMobility,2013-04-20 19:08:34,False
u25,HomeMobility,2013-04-20 19:48:33,False
u25,HomeMobility,2013-04-20 20:08:33,False
u25,HomeMobility,2013-04-20 20:28:33,False
u25,HomeMobility,2013-04-20 20:48:33,False
u25,HomeMobility,2013-04-20 21:08:33,False
u25,HomeMobility,2013-04-20 21:28:33,False
u25,HomeMobility,2013-04-20 21:48:33,False
u25,HomeMobility,2013-04-20 22:08:33,False
u25,HomeMobility,2013-04-20 22:28:33,False
u25,HomeMobility,2013-04-20 22:48:33,False
u25,HomeMobility,2013-04-20 23:08:34,False
u25,HomeMobility,2013-04-20 23:28:33,False
u25,HomeMobility,2013-04-20 23:48:33,False
u25,HomeMobility,2013-04-21 00:08:33,False
u25,HomeMobility,2013-04-21 00:28:33,False
u25,HomeMobility,2013-04-21 00:48:33,False
u25,HomeMobility,2013-04-21 01:08:33,False
u25,HomeMobility,2013-04-21 01:28:33,False
u25,HomeMobility,2013-04-21 01:48:33,False
u25,HomeMobility,2013-04-21 02:08:33,False
u25,HomeMobility,2013-04-21 02:28:33,False
u25,HomeMobility,2013-04-21 02:48:33,False
u25,HomeMobility,2013-04-21 03:08:33,False
u25,HomeMobility,2013-04-21 03:28:33,False
u25,HomeMobility,2013-04-21 03:48:33,False
u25,HomeMobility,2013-04-21 04:08:33,False
u25,HomeMobility,2013-04-21 04:28:33,False
u25,HomeMobility,2013-04-21 04:48:33,False
u25,HomeMobility,2013-04-21 05:08:33,False
u25,HomeMobility,2013-04-21 05:28:33,False
u25,HomeMobility,2013-04-21 05:48:33,False
u25,HomeMobility,2013-04-21 06:08:33,False
u25,HomeMobility,2013-04-21 06:28:33,False
u25,HomeMobility,2013-04-21 06:48:33,False
u25,HomeMobility,2013-04-21 07:08:33,False
u25,HomeMobility,2013-04-21 07:28:33,False
u25,HomeMobility,2013-04-21 07:48:33,False
u25,HomeMobility,2013-04-21 08:08:33,False
u25,HomeMobility,2013-04-21 08:28:37,False
u25,HomeMobility,2013-04-21 08:48:33,False
u25,HomeMobility,2013-04-21 09:08:33,False
u25,HomeMobility,2013-04-21 09:28:33,False
u25,HomeMobility,2013-04-21 09:48:33,False
u25,HomeMobility,2013-04-21 10:08:33,False
u25,HomeMobility,2013-04-21 10:28:33,False
u25,HomeMobility,2013-04-21 10:48:33,False
u25,HomeMobility,2013-04-21 11:08:33,False
u25,HomeMobility,2013-04-21 11:28:33,False
u25,HomeMobility,2013-04-21 11:48:33,False
u25,HomeMobility,2013-04-21 12:08:33,False
u25,HomeMobility,2013-04-21 12:28:33,False
u25,HomeMobility,2013-04-21 12:48:33,False
u25,HomeMobility,2013-04-21 13:08:33,False
u25,HomeMobility,2013-04-21 13:28:33,False
u25,HomeMobility,2013-04-21 13:48:33,False
u25,HomeMobility,2013-04-21 14:08:33,False
u25,HomeMobility,2013-04-21 14:28:33,False
u25,HomeMobility,2013-04-21 14:48:33,False
u25,HomeMobility,2013-04-21 15:08:33,False
u25,HomeMobility,2013-04-21 15:28:33,False
u25,HomeMobility,2013-04-21 15:48:33,False
u25,HomeMobility,2013-04-21 16:08:34,False
u25,HomeMobility,2013-04-21 16:28:33,False
u25,HomeMobility,2013-04-21 16:48:33,False
u25,HomeMobility,2013-04-21 17:08:33,False
u25,HomeMobility,2013-04-21 17:28:33,False
u25,HomeMobility,2013-04-21 17:48:33,False
u25,HomeMobility,2013-04-21 18:08:33,False
u25,HomeMobility,2013-04-21 18:28:33,False
u25,HomeMobility,2013-04-21 18:48:33,False
u25,HomeMobility,2013-04-21 19:08:33,False
u25,HomeMobility,2013-04-21 19:28:33,False
u25,HomeMobility,2013-04-21 19:48:33,False
u25,HomeMobility,2013-04-21 20:08:33,False
u25,HomeMobility,2013-04-21 20:28:33,False
u25,HomeMobility,2013-04-21 20:48:33,False
u25,HomeMobility,2013-04-21 21:08:33,False
u25,HomeMobility,2013-04-21 21:28:34,False
u25,HomeMobility,2013-04-21 21:48:33,False
u25,HomeMobility,2013-04-21 22:08:33,False
u25,HomeMobility,2013-04-21 22:28:33,False
u25,HomeMobility,2013-04-21 22:48:33,False
u25,HomeMobility,2013-04-21 23:08:33,False
u25,HomeMobility,2013-04-21 23:28:33,False
u25,HomeMobility,2013-04-21 23:48:33,True
u25,HomeMobility,2013-04-22 00:08:33,True
u25,HomeMobility,2013-04-22 00:28:33,True
u25,HomeMobility,2013-04-22 00:48:33,True
u25,HomeMobility,2013-04-22 01:08:33,True
u25,HomeMobility,2013-04-22 01:28:33,True
u25,HomeMobility,2013-04-22 01:48:33,True
u25,HomeMobility,2013-04-22 02:08:35,True
u25,HomeMobility,2013-04-22 02:28:33,True
u25,HomeMobility,2013-04-22 02:48:33,True
u25,HomeMobility,2013-04-22 03:08:33,True
u25,HomeMobility,2013-04-22 03:28:33,True
u25,HomeMobility,2013-04-22 03:48:33,True
u25,HomeMobility,2013-04-22 04:08:33,True
u25,HomeMobility,2013-04-22 04:28:33,True
u25,HomeMobility,2013-04-22 04:48:33,True
u25,HomeMobility,2013-04-22 05:08:33,True
u25,HomeMobility,2013-04-22 05:28:33,True
u25,HomeMobility,2013-04-22 05:48:33,True
u25,HomeMobility,2013-04-22 06:08:33,True
u25,HomeMobility,2013-04-22 06:28:33,True
u25,HomeMobility,2013-04-22 06:48:33,True
u25,HomeMobility,2013-04-22 07:08:33,True
u25,HomeMobility,2013-04-22 07:28:33,True
u25,HomeMobility,2013-04-22 07:48:33,True
u25,HomeMobility,2013-04-22 08:08:33,True
u25,HomeMobility,2013-04-22 08:28:33,True
u25,HomeMobility,2013-04-22 08:48:33,False
u25,HomeMobility,2013-04-22 09:08:33,False
u25,HomeMobility,2013-04-22 09:28:33,False
u25,HomeMobility,2013-04-22 09:48:33,False
u25,HomeMobility,2013-04-22 10:08:33,False
u25,HomeMobility,2013-04-22 10:28:26,False
u25,HomeMobility,2013-04-22 10:48:00,False
u25,HomeMobility,2013-04-22 11:08:33,False
u25,HomeMobility,2013-04-22 11:28:33,False
u25,HomeMobility,2013-04-22 11:48:33,False
u25,HomeMobility,2013-04-22 12:08:33,False
u25,HomeMobility,2013-04-22 12:28:33,False
u25,HomeMobility,2013-04-22 12:48:33,False
u25,HomeMobility,2013-04-22 13:08:33,False
u25,HomeMobility,2013-04-22 13:28:33,False
u25,HomeMobility,2013-04-22 13:48:33,False
u25,HomeMobility,2013-04-22 14:08:33,False
u25,HomeMobility,2013-04-22 14:28:33,False
u25,HomeMobility,2013-04-22 14:48:33,False
u25,HomeMobility,2013-04-22 15:08:33,False
u25,HomeMobility,2013-04-22 15:28:33,False
u25,HomeMobility,2013-04-22 15:48:33,False
u25,HomeMobility,2013-04-22 16:08:33,False
u25,HomeMobility,2013-04-22 16:28:33,False
u25,HomeMobility,2013-04-22 16:48:33,False
u25,HomeMobility,2013-04-22 17:08:33,False
u25,HomeMobility,2013-04-22 17:28:33,False
u25,HomeMobility,2013-04-22 17:48:33,False
u25,HomeMobility,2013-04-22 18:08:33,False
u25,HomeMobility,2013-04-22 18:28:34,False
u25,HomeMobility,2013-04-22 18:48:33,False
u25,HomeMobility,2013-04-22 19:08:33,False
u25,HomeMobility,2013-04-22 19:28:33,False
u25,HomeMobility,2013-04-22 19:48:33,False
u25,HomeMobility,2013-04-22 20:08:33,False
u25,HomeMobility,2013-04-22 20:28:33,False
u25,HomeMobility,2013-04-22 20:48:33,False
u25,HomeMobility,2013-04-22 21:08:33,False
u25,HomeMobility,2013-04-22 21:28:33,False
u25,HomeMobility,2013-04-22 21:48:33,False
u25,HomeMobility,2013-04-22 22:08:33,False
u25,HomeMobility,2013-04-22 22:28:33,False
u25,HomeMobility,2013-04-22 22:48:33,False
u25,HomeMobility,2013-04-22 23:08:33,False
u25,HomeMobility,2013-04-22 23:28:33,False
u25,HomeMobility,2013-04-22 23:48:33,False
u25,HomeMobility,2013-04-23 00:08:33,False
u25,HomeMobility,2013-04-23 00:28:33,False
u25,HomeMobility,2013-04-23 00:48:33,False
u25,HomeMobility,2013-04-23 01:08:33,False
u25,HomeMobility,2013-04-23 01:28:34,False
u25,HomeMobility,2013-04-23 09:12:55,False
u25,HomeMobility,2013-04-23 09:32:55,False
u25,HomeMobility,2013-04-23 09:52:55,False
u25,HomeMobility,2013-04-23 10:12:55,False
u25,HomeMobility,2013-04-23 10:32:55,False
u25,HomeMobility,2013-04-23 10:52:55,False
u25,HomeMobility,2013-04-23 11:12:55,False
u25,HomeMobility,2013-04-23 11:32:55,False
u25,HomeMobility,2013-04-23 11:52:55,False
u25,HomeMobility,2013-04-23 12:12:56,False
u25,HomeMobility,2013-04-23 12:33:11,False
u25,HomeMobility,2013-04-23 13:52:57,False
u25,HomeMobility,2013-04-23 14:32:55,False
u25,HomeMobility,2013-04-23 14:52:55,False
u25,HomeMobility,2013-04-23 15:12:55,False
u25,HomeMobility,2013-04-23 15:32:55,False
u25,HomeMobility,2013-04-23 15:52:55,False
u25,HomeMobility,2013-04-23 16:12:55,False
u25,HomeMobility,2013-04-23 16:32:55,False
u25,HomeMobility,2013-04-23 16:52:55,False
u25,HomeMobility,2013-04-23 17:12:55,False
u25,HomeMobility,2013-04-23 17:32:55,False
u25,HomeMobility,2013-04-23 17:52:55,False
u25,HomeMobility,2013-04-23 18:12:55,False
u25,HomeMobility,2013-04-23 18:32:55,False
u25,HomeMobility,2013-04-23 18:52:55,False
u25,HomeMobility,2013-04-23 19:12:55,False
u25,HomeMobility,2013-04-23 19:32:55,False
u25,HomeMobility,2013-04-23 19:52:55,False
u25,HomeMobility,2013-04-23 20:12:55,False
u25,HomeMobility,2013-04-23 20:32:56,False
u25,HomeMobility,2013-04-23 20:52:55,False
u25,HomeMobility,2013-04-23 21:12:55,False
u25,HomeMobility,2013-04-23 21:32:55,False
u25,HomeMobility,2013-04-23 21:52:55,False
u25,HomeMobility,2013-04-23 22:12:55,False
u25,HomeMobility,2013-04-23 22:32:55,False
u25,HomeMobility,2013-04-23 22:52:55,False
u25,HomeMobility,2013-04-23 23:12:55,False
u25,HomeMobility,2013-04-23 23:32:55,False
u25,HomeMobility,2013-04-23 23:52:55,False
u25,HomeMobility,2013-04-24 00:12:55,False
u25,HomeMobility,2013-04-24 00:32:55,False
u25,HomeMobility,2013-04-24 00:52:55,False
u25,HomeMobility,2013-04-24 01:12:55,False
u25,HomeMobility,2013-04-24 01:32:55,False
u25,HomeMobility,2013-04-24 01:52:55,False
u25,HomeMobility,2013-04-24 02:12:55,False
u25,HomeMobility,2013-04-24 02:32:55,False
u25,HomeMobility,2013-04-24 02:52:55,False
u25,HomeMobility,2013-04-24 03:12:55,False
u25,HomeMobility,2013-04-24 03:32:55,False
u25,HomeMobility,2013-04-24 03:52:55,False
u25,HomeMobility,2013-04-24 04:12:55,False
u25,HomeMobility,2013-04-24 04:32:55,False
u25,HomeMobility,2013-04-24 04:52:55,False
u25,HomeMobility,2013-04-24 05:12:55,False
u25,HomeMobility,2013-04-24 05:32:55,False
u25,HomeMobility,2013-04-24 05:52:55,False
u25,HomeMobility,2013-04-24 06:12:55,False
u25,HomeMobility,2013-04-24 06:32:55,False
u25,HomeMobility,2013-04-24 06:52:55,False
u25,HomeMobility,2013-04-24 07:12:55,False
u25,HomeMobility,2013-04-24 07:32:55,False
u25,HomeMobility,2013-04-24 07:52:55,False
u25,HomeMobility,2013-04-24 08:12:55,False
u25,HomeMobility,2013-04-24 08:32:55,False
u25,HomeMobility,2013-04-24 08:52:55,False
u25,HomeMobility,2013-04-24 09:12:55,False
u25,HomeMobility,2013-04-24 09:32:55,False
u25,HomeMobility,2013-04-24 09:52:55,False
u25,HomeMobility,2013-04-24 10:12:55,False
u25,HomeMobility,2013-04-24 10:32:55,False
u25,HomeMobility,2013-04-24 10:52:55,False
u25,HomeMobility,2013-04-24 11:12:55,False
u25,HomeMobility,2013-04-24 11:32:55,False
u25,HomeMobility,2013-04-24 11:52:55,False
u25,HomeMobility,2013-04-24 12:12:55,False
u25,HomeMobility,2013-04-24 12:32:55,False
u25,HomeMobility,2013-04-24 12:52:55,False
u25,HomeMobility,2013-04-24 13:12:55,False
u25,HomeMobility,2013-04-24 13:32:55,False
u25,HomeMobility,2013-04-24 13:52:55,False
u25,HomeMobility,2013-04-24 14:12:55,False
u25,HomeMobility,2013-04-24 14:32:55,False
u25,HomeMobility,2013-04-24 14:52:55,False
u25,HomeMobility,2013-04-24 15:12:55,False
u25,HomeMobility,2013-04-24 15:32:55,False
u25,HomeMobility,2013-04-24 15:52:57,False
u25,HomeMobility,2013-04-24 16:12:55,False
u25,HomeMobility,2013-04-24 16:32:55,False
u25,HomeMobility,2013-04-24 16:52:55,False
u25,HomeMobility,2013-04-24 16:52:56,False
u25,HomeMobility,2013-04-24 17:32:55,False
u25,HomeMobility,2013-04-24 17:52:55,False
u25,HomeMobility,2013-04-24 18:12:55,False
u25,HomeMobility,2013-04-24 18:32:55,False
u25,HomeMobility,2013-04-24 18:52:55,False
u25,HomeMobility,2013-04-24 19:12:55,False
u25,HomeMobility,2013-04-24 19:32:55,False
u25,HomeMobility,2013-04-24 19:52:55,False
u25,HomeMobility,2013-04-26 08:42:21,False
u25,HomeMobility,2013-04-26 09:02:21,False
u25,HomeMobility,2013-04-26 09:22:20,False
u25,HomeMobility,2013-04-26 09:42:20,False
u25,HomeMobility,2013-04-26 10:02:20,False
u25,HomeMobility,2013-04-26 10:22:20,False
u25,HomeMobility,2013-04-26 10:42:20,False
u25,HomeMobility,2013-04-26 11:02:20,False
u25,HomeMobility,2013-04-26 11:22:20,False
u25,HomeMobility,2013-04-26 11:42:21,False
u25,HomeMobility,2013-04-26 12:02:20,False
u25,HomeMobility,2013-04-26 12:22:20,False
u25,HomeMobility,2013-04-26 12:42:20,False
u25,HomeMobility,2013-04-26 13:02:20,False
u25,HomeMobility,2013-04-26 13:22:20,False
u25,HomeMobility,2013-04-26 13:42:20,False
u25,HomeMobility,2013-04-26 14:02:20,False
u25,HomeMobility,2013-04-26 14:22:20,False
u25,HomeMobility,2013-04-26 14:42:20,False
u25,HomeMobility,2013-04-26 15:02:20,False
u25,HomeMobility,2013-04-26 15:22:20,False
u25,HomeMobility,2013-04-26 15:42:20,False
u25,HomeMobility,2013-04-26 16:02:20,False
u25,HomeMobility,2013-04-26 16:22:20,False
u25,HomeMobility,2013-04-26 16:42:20,False
u25,HomeMobility,2013-04-26 17:02:20,False
u25,HomeMobility,2013-04-26 17:22:20,False
u25,HomeMobility,2013-04-26 17:42:20,False
u25,HomeMobility,2013-04-26 18:02:20,False
u25,HomeMobility,2013-04-26 18:22:20,False
u25,HomeMobility,2013-04-26 18:42:21,False
u25,HomeMobility,2013-04-26 19:02:20,False
u25,HomeMobility,2013-04-26 19:22:20,False
u25,HomeMobility,2013-04-26 19:42:20,False
u25,HomeMobility,2013-04-26 20:02:20,False
u25,HomeMobility,2013-04-26 20:22:20,False
u25,HomeMobility,2013-04-26 20:42:20,False
u25,HomeMobility,2013-04-26 21:02:20,False
u25,HomeMobility,2013-04-26 21:22:20,False
u25,HomeMobility,2013-04-26 21:42:20,False
u25,HomeMobility,2013-04-26 22:02:20,False
u25,HomeMobility,2013-04-26 22:22:20,False
u25,HomeMobility,2013-04-26 22:42:20,False
u25,HomeMobility,2013-04-26 23:02:20,False
u25,HomeMobility,2013-04-26 23:22:20,False
u25,HomeMobility,2013-04-26 23:42:20,False
u25,HomeMobility,2013-04-27 00:02:20,False
u25,HomeMobility,2013-04-27 00:22:20,False
u25,HomeMobility,2013-04-27 00:42:20,False
u25,HomeMobility,2013-04-27 01:02:20,False
u25,HomeMobility,2013-04-27 01:22:20,False
u25,HomeMobility,2013-04-27 01:42:20,False
u25,HomeMobility,2013-04-27 02:02:20,False
u25,HomeMobility,2013-04-27 02:22:20,False
u25,HomeMobility,2013-04-27 02:42:20,False
u25,HomeMobility,2013-04-27 03:02:20,False
u25,HomeMobility,2013-04-27 03:22:20,False
u25,HomeMobility,2013-04-27 03:42:20,False
u25,HomeMobility,2013-04-27 04:02:20,False
u25,HomeMobility,2013-04-27 04:22:20,False
u25,HomeMobility,2013-04-27 04:42:20,False
u25,HomeMobility,2013-04-27 05:02:20,False
u25,HomeMobility,2013-04-27 05:22:20,False
u25,HomeMobility,2013-04-27 05:42:20,False
u25,HomeMobility,2013-04-27 06:02:20,False
u25,HomeMobility,2013-04-27 06:22:20,False
u25,HomeMobility,2013-04-27 06:42:20,False
u25,HomeMobility,2013-04-27 07:02:20,False
u25,HomeMobility,2013-04-27 07:22:20,False
u25,HomeMobility,2013-04-27 07:42:20,False
u25,HomeMobility,2013-04-27 08:02:20,False
u25,HomeMobility,2013-04-27 08:22:20,False
u25,HomeMobility,2013-04-27 08:42:20,False
u25,HomeMobility,2013-04-27 09:02:20,False
u25,HomeMobility,2013-04-27 09:22:20,False
u25,HomeMobility,2013-04-27 09:42:20,False
u25,HomeMobility,2013-04-27 10:02:20,False
u25,HomeMobility,2013-04-27 10:22:20,False
u25,HomeMobility,2013-04-27 10:42:20,False
u25,HomeMobility,2013-04-27 11:02:20,False
u25,HomeMobility,2013-04-27 11:22:20,False
u25,HomeMobility,2013-04-27 11:42:20,False
u25,HomeMobility,2013-04-27 12:02:20,False
u25,HomeMobility,2013-04-27 12:22:20,False
u25,HomeMobility,2013-04-27 12:42:20,False
u25,HomeMobility,2013-04-27 13:02:20,False
u25,HomeMobility,2013-04-27 13:22:20,False
u25,HomeMobility,2013-04-27 13:42:20,False
u25,HomeMobility,2013-04-27 14:02:20,False
u25,HomeMobility,2013-04-27 14:22:20,False
u25,HomeMobility,2013-04-27 14:42:20,False
u25,HomeMobility,2013-04-27 15:02:20,False
u25,HomeMobility,2013-04-27 15:22:20,False
u25,HomeMobility,2013-04-27 15:42:20,False
u25,HomeMobility,2013-04-27 16:02:20,False
u25,HomeMobility,2013-04-27 16:22:20,False
u25,HomeMobility,2013-04-27 16:42:20,False
u25,HomeMobility,2013-04-27 17:02:20,False
u25,HomeMobility,2013-04-27 17:22:20,False
u25,HomeMobility,2013-04-27 17:42:20,False
u25,HomeMobility,2013-04-27 18:02:20,False
u25,HomeMobility,2013-04-27 18:22:20,False
u25,HomeMobility,2013-04-27 18:42:20,False
u25,HomeMobility,2013-04-27 19:02:20,False
u25,HomeMobility,2013-04-27 19:22:20,False
u25,HomeMobility,2013-04-27 19:42:20,False
u25,HomeMobility,2013-04-27 20:02:20,False
u25,HomeMobility,2013-04-27 20:22:20,False
u25,HomeMobility,2013-04-27 20:42:20,False
u25,HomeMobility,2013-04-27 21:02:20,False
u25,HomeMobility,2013-04-27 21:22:20,False
u25,HomeMobility,2013-04-27 21:42:20,False
u25,HomeMobility,2013-04-27 22:02:20,False
u25,HomeMobility,2013-04-27 22:22:20,False
u25,HomeMobility,2013-04-27 22:42:20,False
u25,HomeMobility,2013-04-27 23:02:20,False
u25,HomeMobility,2013-04-27 23:22:20,False
u25,HomeMobility,2013-04-27 23:42:20,False
u25,HomeMobility,2013-04-28 00:02:20,False
u25,HomeMobility,2013-04-28 00:22:20,False
u25,HomeMobility,2013-04-28 00:42:20,False
u25,HomeMobility,2013-04-28 01:02:20,False
u25,HomeMobility,2013-04-28 01:22:20,False
u25,HomeMobility,2013-04-28 22:14:24,True
u25,HomeMobility,2013-04-28 22:34:24,True
u25,HomeMobility,2013-04-28 22:54:24,True
u25,HomeMobility,2013-04-28 23:14:24,True
u25,HomeMobility,2013-04-28 23:34:24,True
u25,HomeMobility,2013-04-28 23:54:24,True
u25,HomeMobility,2013-04-29 00:14:25,True
u25,HomeMobility,2013-04-29 00:34:24,True
u25,HomeMobility,2013-04-29 00:54:24,True
u25,HomeMobility,2013-04-29 01:14:24,True
u25,HomeMobility,2013-04-29 01:34:24,True
u25,HomeMobility,2013-04-29 01:54:24,True
u25,HomeMobility,2013-04-29 02:14:24,True
u25,HomeMobility,2013-04-29 02:34:24,True
u25,HomeMobility,2013-04-29 02:54:24,True
u25,HomeMobility,2013-04-29 03:14:24,True
u25,HomeMobility,2013-04-29 03:34:24,True
u25,HomeMobility,2013-04-29 03:54:24,True
u25,HomeMobility,2013-04-29 04:14:24,True
u25,HomeMobility,2013-04-29 04:34:24,True
u25,HomeMobility,2013-04-29 04:54:26,True
u25,HomeMobility,2013-04-29 05:14:24,True
u25,HomeMobility,2013-04-29 05:34:24,True
u25,HomeMobility,2013-04-29 05:54:24,True
u25,HomeMobility,2013-04-29 06:14:24,True
u25,HomeMobility,2013-04-29 06:34:24,True
u25,HomeMobility,2013-04-29 06:54:24,True
u25,HomeMobility,2013-04-29 07:14:24,True
u25,HomeMobility,2013-04-29 07:34:24,True
u25,HomeMobility,2013-04-29 07:54:24,True
u25,HomeMobility,2013-04-29 08:14:24,True
u25,HomeMobility,2013-04-29 08:34:24,True
u25,HomeMobility,2013-04-29 08:54:24,True
u25,HomeMobility,2013-04-29 09:14:24,True
u25,HomeMobility,2013-04-29 09:34:24,True
u25,HomeMobility,2013-04-29 09:54:24,True
u25,HomeMobility,2013-04-29 10:14:24,False
u25,HomeMobility,2013-04-29 10:34:24,False
u25,HomeMobility,2013-04-29 10:54:24,False
u25,HomeMobility,2013-04-29 11:09:19,False
u25,HomeMobility,2013-04-29 11:34:24,False
u25,HomeMobility,2013-04-29 11:54:24,False
u25,HomeMobility,2013-04-29 12:14:24,False
u25,HomeMobility,2013-04-29 12:34:24,False
u25,HomeMobility,2013-04-29 12:54:24,False
u25,HomeMobility,2013-04-29 13:14:24,False
u25,HomeMobility,2013-04-29 13:34:24,False
u25,HomeMobility,2013-04-29 13:54:24,False
u25,HomeMobility,2013-04-29 14:14:24,False
u25,HomeMobility,2013-04-29 14:34:24,False
u25,HomeMobility,2013-04-29 14:54:24,False
u25,HomeMobility,2013-04-29 15:14:24,False
u25,HomeMobility,2013-04-29 15:34:24,False
u25,HomeMobility,2013-04-29 15:54:24,False
u25,HomeMobility,2013-04-29 16:14:24,False
u25,HomeMobility,2013-04-29 16:34:24,False
u25,HomeMobility,2013-04-29 16:54:24,False
u25,HomeMobility,2013-04-29 17:14:24,False
u25,HomeMobility,2013-04-29 17:34:24,False
u25,HomeMobility,2013-04-29 17:54:24,False
u25,HomeMobility,2013-04-29 18:14:24,False
u25,HomeMobility,2013-04-29 18:34:24,False
u25,HomeMobility,2013-04-29 18:54:25,False
u25,HomeMobility,2013-04-29 19:14:24,False
u25,HomeMobility,2013-04-29 19:34:24,False
u25,HomeMobility,2013-04-29 19:54:24,False
u25,HomeMobility,2013-04-29 20:14:24,False
u25,HomeMobility,2013-04-29 20:34:24,False
u25,HomeMobility,2013-04-29 20:54:24,False
u25,HomeMobility,2013-04-29 21:12:47,False
u25,HomeMobility,2013-04-29 21:34:24,False
u25,HomeMobility,2013-04-29 21:54:24,False
u25,HomeMobility,2013-04-29 22:14:24,False
u25,HomeMobility,2013-04-29 22:34:24,False
u25,HomeMobility,2013-04-29 22:54:24,False
u25,HomeMobility,2013-04-29 23:14:24,False
u25,HomeMobility,2013-04-29 23:34:24,False
u25,HomeMobility,2013-04-29 23:54:24,False
u25,HomeMobility,2013-04-30 00:14:24,False
u25,HomeMobility,2013-04-30 00:34:24,False
u25,HomeMobility,2013-04-30 00:54:24,False
u25,HomeMobility,2013-04-30 01:14:24,False
u25,HomeMobility,2013-04-30 01:34:24,False
u25,HomeMobility,2013-04-30 01:54:24,False
u25,HomeMobility,2013-04-30 02:14:24,False
u25,HomeMobility,2013-04-30 02:34:24,False
u25,HomeMobility,2013-04-30 02:54:24,False
u25,HomeMobility,2013-04-30 03:14:24,False
u25,HomeMobility,2013-04-30 03:34:24,False
u25,HomeMobility,2013-04-30 03:54:24,False
u25,HomeMobility,2013-04-30 04:14:24,False
u25,HomeMobility,2013-04-30 04:34:24,False
u25,HomeMobility,2013-04-30 04:54:24,False
u25,HomeMobility,2013-04-30 05:14:24,False
u25,HomeMobility,2013-04-30 05:34:24,False
u25,HomeMobility,2013-04-30 05:54:24,False
u25,HomeMobility,2013-04-30 06:14:24,False
u25,HomeMobility,2013-04-30 06:34:24,False
u25,HomeMobility,2013-04-30 06:54:24,False
u25,HomeMobility,2013-04-30 07:14:24,False
u25,HomeMobility,2013-04-30 07:34:24,False
u25,HomeMobility,2013-04-30 07:54:24,False
u25,HomeMobility,2013-04-30 08:14:24,False
u25,HomeMobility,2013-04-30 08:34:24,False
u25,HomeMobility,2013-04-30 08:54:24,False
u25,HomeMobility,2013-04-30 09:14:24,False
u25,HomeMobility,2013-04-30 09:34:24,False
u25,HomeMobility,2013-04-30 09:54:24,False
u25,HomeMobility,2013-04-30 10:14:24,False
u25,HomeMobility,2013-04-30 10:34:24,False
u25,HomeMobility,2013-04-30 10:54:24,False
u25,HomeMobility,2013-04-30 11:14:24,False
u25,HomeMobility,2013-04-30 11:34:24,False
u25,HomeMobility,2013-04-30 11:54:24,False
u25,HomeMobility,2013-04-30 12:14:24,False
u25,HomeMobility,2013-04-30 12:34:24,False
u25,HomeMobility,2013-04-30 12:54:24,False
u25,HomeMobility,2013-04-30 13:14:24,False
u25,HomeMobility,2013-04-30 13:34:24,False
u25,HomeMobility,2013-04-30 13:54:24,False
u25,HomeMobility,2013-04-30 14:14:24,False
u25,HomeMobility,2013-04-30 14:34:24,False
u25,HomeMobility,2013-04-30 14:54:24,False
u25,HomeMobility,2013-04-30 15:14:24,False
u25,HomeMobility,2013-04-30 15:34:24,False
u25,HomeMobility,2013-04-30 15:54:24,False
u25,HomeMobility,2013-04-30 16:14:24,False
u25,HomeMobility,2013-04-30 16:34:24,False
u25,HomeMobility,2013-04-30 16:54:24,False
u25,HomeMobility,2013-04-30 17:14:24,False
u25,HomeMobility,2013-04-30 17:34:24,False
u25,HomeMobility,2013-04-30 17:54:24,False
u25,HomeMobility,2013-04-30 18:14:24,False
u25,HomeMobility,2013-04-30 18:34:24,False
u25,HomeMobility,2013-04-30 18:54:24,False
u25,HomeMobility,2013-04-30 19:14:24,False
u25,HomeMobility,2013-04-30 19:34:24,False
u25,HomeMobility,2013-04-30 19:54:24,False
u25,HomeMobility,2013-04-30 20:14:24,False
u25,HomeMobility,2013-04-30 20:34:24,False
u25,HomeMobility,2013-04-30 20:54:24,False
u25,HomeMobility,2013-04-30 21:14:24,False
u25,HomeMobility,2013-04-30 21:34:24,False
u25,HomeMobility,2013-04-30 21:54:24,False
u25,HomeMobility,2013-04-30 22:14:24,False
u25,HomeMobility,2013-04-30 22:34:24,False
u25,HomeMobility,2013-04-30 22:54:24,False
u25,HomeMobility,2013-04-30 23:14:24,False
u25,HomeMobility,2013-04-30 23:34:24,False
u25,HomeMobility,2013-04-30 23:54:24,False
u25,HomeMobility,2013-05-01 23:09:28,False
u25,HomeMobility,2013-05-01 23:29:35,False
u25,HomeMobility,2013-05-01 23:49:35,False
u25,HomeMobility,2013-05-03 19:32:20,False
u25,HomeMobility,2013-05-05 22:21:23,False
u25,HomeMobility,2013-05-06 01:01:22,False
u25,HomeMobility,2013-05-06 01:21:22,False
u25,HomeMobility,2013-05-06 01:41:22,False
u25,HomeMobility,2013-05-06 02:01:22,False
u25,HomeMobility,2013-05-06 02:21:22,False
u25,HomeMobility,2013-05-06 02:41:22,False
u25,HomeMobility,2013-05-06 03:01:22,False
u25,HomeMobility,2013-05-12 23:13:22,False
u25,HomeMobility,2013-05-12 23:33:22,False
u25,HomeMobility,2013-05-12 23:53:22,False
u25,HomeMobility,2013-05-14 23:21:14,False
u25,HomeMobility,2013-05-14 23:41:12,False
u25,HomeMobility,2013-05-15 00:01:12,False
u25,HomeMobility,2013-05-15 00:41:13,True
u25,HomeMobility,2013-05-15 01:01:12,True
u25,HomeMobility,2013-05-15 01:21:12,True
u25,HomeMobility,2013-05-15 01:41:12,True
u25,HomeMobility,2013-05-15 02:01:12,True
u25,HomeMobility,2013-05-15 02:21:12,True
u25,HomeMobility,2013-05-15 02:41:12,True
u25,HomeMobility,2013-05-15 03:01:12,True
u25,HomeMobility,2013-05-15 03:21:12,True
u25,HomeMobility,2013-05-15 03:41:12,True
u25,HomeMobility,2013-05-15 04:01:12,True
u25,HomeMobility,2013-05-15 04:21:12,True
u25,HomeMobility,2013-05-15 04:41:12,True
u25,HomeMobility,2013-05-15 05:01:12,True
u25,HomeMobility,2013-05-15 05:21:12,True
u25,HomeMobility,2013-05-15 05:41:12,True
u25,HomeMobility,2013-05-15 06:01:12,True
u25,HomeMobility,2013-05-15 06:21:12,True
u25,HomeMobility,2013-05-15 06:41:12,True
u25,HomeMobility,2013-05-15 07:01:12,True
u25,HomeMobility,2013-05-15 07:21:12,True
u25,HomeMobility,2013-05-15 07:41:12,True
u25,HomeMobility,2013-05-15 08:01:12,True
u25,HomeMobility,2013-05-15 08:21:12,True
u25,HomeMobility,2013-05-15 08:41:12,True
u25,HomeMobility,2013-05-15 09:01:12,True
u25,HomeMobility,2013-05-15 09:21:12,True
u25,HomeMobility,2013-05-15 09:41:12,True
u25,HomeMobility,2013-05-15 10:01:12,True
u25,HomeMobility,2013-05-15 10:01:13,True
u25,HomeMobility,2013-05-15 10:32:42,True
u25,HomeMobility,2013-05-15 11:01:13,False
u25,HomeMobility,2013-05-15 11:21:12,False
u25,HomeMobility,2013-05-15 11:41:12,False
u25,HomeMobility,2013-05-15 12:01:12,False
u25,HomeMobility,2013-05-15 12:41:16,False
u25,HomeMobility,2013-05-15 13:01:12,False
u25,HomeMobility,2013-05-15 13:21:12,False
u25,HomeMobility,2013-05-15 13:21:13,False
u25,HomeMobility,2013-05-15 14:01:12,False
u25,HomeMobility,2013-05-15 14:21:12,False
u25,HomeMobility,2013-05-15 14:41:12,False
u25,HomeMobility,2013-05-15 15:01:12,False
u25,HomeMobility,2013-05-15 15:21:12,False
u25,HomeMobility,2013-05-15 15:41:12,False
u25,HomeMobility,2013-05-15 16:01:11,False
u25,HomeMobility,2013-05-15 16:21:12,False
u25,HomeMobility,2013-05-15 16:41:12,False
u25,HomeMobility,2013-05-15 17:01:12,False
u25,HomeMobility,2013-05-15 17:21:14,False
u25,HomeMobility,2013-05-15 17:21:15,False
u25,HomeMobility,2013-05-15 18:01:12,False
u25,HomeMobility,2013-05-15 18:21:12,False
u25,HomeMobility,2013-05-15 18:41:12,False
u25,HomeMobility,2013-05-15 19:01:12,False
u25,HomeMobility,2013-05-15 19:21:12,False
u25,HomeMobility,2013-05-15 19:41:12,False
u25,HomeMobility,2013-05-15 20:01:12,False
u25,HomeMobility,2013-05-15 20:21:12,False
u25,HomeMobility,2013-05-15 20:41:14,False
u25,HomeMobility,2013-05-15 21:01:12,False
u25,HomeMobility,2013-05-15 21:21:13,False
u25,HomeMobility,2013-05-15 21:41:12,False
u25,HomeMobility,2013-05-15 22:01:12,False
u25,HomeMobility,2013-05-15 22:21:13,False
u25,HomeMobility,2013-05-15 22:41:12,False
u25,HomeMobility,2013-05-15 23:01:12,False
u25,HomeMobility,2013-05-15 23:21:12,False
u25,HomeMobility,2013-05-24 21:12:59,False
u25,HomeMobility,2013-05-24 21:32:58,False
u25,HomeMobility,2013-05-24 21:52:57,False
u25,HomeMobility,2013-05-24 22:12:57,False
u25,HomeMobility,2013-05-24 22:32:57,False
u25,HomeMobility,2013-05-24 22:52:57,False
u25,HomeMobility,2013-05-24 23:12:57,False
u25,HomeMobility,2013-05-24 23:32:57,False
u25,HomeMobility,2013-05-24 23:52:57,False
u25,HomeMobility,2013-05-25 00:12:57,False
u25,HomeMobility,2013-05-25 00:32:57,False
u25,HomeMobility,2013-05-25 00:52:57,False
u25,HomeMobility,2013-05-25 01:12:58,True
u25,HomeMobility,2013-05-25 01:32:57,True
u25,HomeMobility,2013-05-25 01:52:58,True
u25,HomeMobility,2013-05-25 02:12:57,True
u25,HomeMobility,2013-05-25 02:32:57,True
u25,HomeMobility,2013-05-25 02:53:00,True
u25,HomeMobility,2013-05-25 03:12:57,True
u25,HomeMobility,2013-05-25 03:32:57,True
u25,HomeMobility,2013-05-25 03:52:57,True
u25,HomeMobility,2013-05-25 04:12:57,True
u25,HomeMobility,2013-05-25 04:32:57,True
u25,HomeMobility,2013-05-25 04:52:57,True
u25,HomeMobility,2013-05-25 18:20:08,False
u25,HomeMobility,2013-05-25 18:40:12,False
u25,HomeMobility,2013-05-26 16:01:28,False
u25,HomeMobility,2013-05-26 16:21:27,False
u25,HomeMobility,2013-05-26 16:41:27,False
u25,HomeMobility,2013-05-26 17:01:27,False
u25,HomeMobility,2013-05-26 17:21:27,False
u25,HomeMobility,2013-05-26 17:41:27,False
u25,HomeMobility,2013-05-26 18:01:27,False
u25,HomeMobility,2013-05-26 18:21:27,False
u25,HomeMobility,2013-05-26 18:41:27,False
u25,HomeMobility,2013-05-26 19:01:27,False
u25,HomeMobility,2013-05-26 19:21:27,False
u25,HomeMobility,2013-05-26 19:41:27,False
u25,HomeMobility,2013-05-26 20:01:27,False
u25,HomeMobility,2013-05-26 20:21:27,False
u25,HomeMobility,2013-05-26 20:41:27,False
u25,HomeMobility,2013-05-26 21:01:27,False
u25,HomeMobility,2013-05-26 21:21:27,False
u25,HomeMobility,2013-05-26 21:41:27,False
u25,HomeMobility,2013-05-26 22:01:27,False
u25,HomeMobility,2013-05-27 14:01:44,False
u25,HomeMobility,2013-05-27 14:21:49,False
u25,HomeMobility,2013-05-27 14:41:49,False
u25,HomeMobility,2013-05-28 15:48:00,False
u25,HomeMobility,2013-05-28 16:08:00,False
u25,HomeMobility,2013-05-28 16:28:00,False
u25,HomeMobility,2013-05-28 16:48:00,False
u25,HomeMobility,2013-05-28 17:08:00,False
u25,HomeMobility,2013-05-28 17:28:00,False
u25,HomeMobility,2013-05-28 17:48:00,False
u25,HomeMobility,2013-05-28 18:08:00,False
u25,HomeMobility,2013-05-28 18:28:00,False
u25,HomeMobility,2013-05-28 18:48:00,False
u25,HomeMobility,2013-05-28 19:08:00,False
u25,HomeMobility,2013-05-28 19:28:00,False
u25,HomeMobility,2013-05-28 19:48:00,False
u25,HomeMobility,2013-05-28 20:08:00,False
u25,HomeMobility,2013-05-28 20:28:00,False
u25,HomeMobility,2013-05-28 20:48:00,False
u25,HomeMobility,2013-05-28 21:08:00,False
u25,HomeMobility,2013-05-28 21:28:00,False
u25,HomeMobility,2013-05-28 21:48:00,False
u25,HomeMobility,2013-05-28 22:08:00,False
u25,HomeMobility,2013-05-28 22:28:00,False
u25,HomeMobility,2013-05-28 22:48:00,False
u25,HomeMobility,2013-05-28 23:08:00,False
u25,HomeMobility,2013-05-28 23:28:00,False
u25,HomeMobility,2013-05-28 23:48:01,False
u25,HomeMobility,2013-05-29 00:08:00,False
u25,HomeMobility,2013-05-29 00:28:00,False
u25,HomeMobility,2013-05-29 00:48:01,False
u25,HomeMobility,2013-05-29 01:08:00,False
u25,HomeMobility,2013-05-29 01:28:00,False
u25,HomeMobility,2013-05-29 01:48:00,False
u25,HomeMobility,2013-05-29 02:08:00,False
u25,HomeMobility,2013-05-29 02:28:00,False
u25,HomeMobility,2013-05-29 02:48:00,False
u25,HomeMobility,2013-05-29 03:08:00,False
u25,HomeMobility,2013-05-29 03:28:00,False
u25,HomeMobility,2013-05-29 03:48:00,False
u25,HomeMobility,2013-05-29 04:08:00,False
u25,HomeMobility,2013-05-29 04:28:00,False
u25,HomeMobility,2013-05-29 04:48:00,False
u25,HomeMobility,2013-05-29 05:08:00,False
u25,HomeMobility,2013-05-29 05:28:00,False
u25,HomeMobility,2013-05-29 05:48:00,False
u25,HomeMobility,2013-05-29 06:08:00,False
u25,HomeMobility,2013-05-29 06:28:00,False
